Token,EnrollmentId
eyJhbGciOiJIUzI1NiIsInR5cCI6IkpXVCJ9.eyJpc3MiOiJnYXRld2F5IiwidXNlciI6eyJzdHVkZW50SWQiOiIzNDAwMCIsImZpcnN0TmFtZSI6IkphbWVzIiwibGFzdE5hbWUiOiJLaW0iLCJpZCI6IjM0MDAwIiwicHJvdmlkZXIiOiJnb29nbGUiLCJlbWFpbCI6InBlcmZ0ZXN0MUBtYWlsaWF0b3IuY29tIn0sImV4cCI6MTUxNDY4MjA2MSwiYXBwSWQiOiJhdG9tLndlYiIsImlhdCI6MTUwNDAxNzEwNCwicmVzb3VyY2VzIjpbeyJ1cm4iOiJRQVRFU1RPRCIsImlzQWN0aXZlIjp0cnVlfSx7InVybiI6IjM0MDAwIiwiaXNBY3RpdmUiOnRydWV9LHsidXJuIjoiMzQwMDAiLCJpc0FjdGl2ZSI6dHJ1ZX1dfQ.9tV44U0HIgo0ABa-YdnH1KEJMI6H7P1yx8xbthcraD4,34000
eyJhbGciOiJIUzI1NiIsInR5cCI6IkpXVCJ9.eyJpc3MiOiJnYXRld2F5IiwidXNlciI6eyJzdHVkZW50SWQiOiIzNDAwMSIsImZpcnN0TmFtZSI6IkphbWVzIiwibGFzdE5hbWUiOiJLaW0iLCJpZCI6IjM0MDAxIiwicHJvdmlkZXIiOiJnb29nbGUiLCJlbWFpbCI6InBlcmZ0ZXN0MUBtYWlsaWF0b3IuY29tIn0sImV4cCI6MTUxNDY4MjA2MSwiYXBwSWQiOiJhdG9tLndlYiIsImlhdCI6MTUwNDAxNzEwNCwicmVzb3VyY2VzIjpbeyJ1cm4iOiJRQVRFU1RPRCIsImlzQWN0aXZlIjp0cnVlfSx7InVybiI6IjM0MDAxIiwiaXNBY3RpdmUiOnRydWV9LHsidXJuIjoiMzQwMDEiLCJpc0FjdGl2ZSI6dHJ1ZX1dfQ.eRuXQITNTjiYPOHT0U3SgG3SnOFQJBQ_OJN3y24DtqA,34001
eyJhbGciOiJIUzI1NiIsInR5cCI6IkpXVCJ9.eyJpc3MiOiJnYXRld2F5IiwidXNlciI6eyJzdHVkZW50SWQiOiIzNDAwMiIsImZpcnN0TmFtZSI6IkphbWVzIiwibGFzdE5hbWUiOiJLaW0iLCJpZCI6IjM0MDAyIiwicHJvdmlkZXIiOiJnb29nbGUiLCJlbWFpbCI6InBlcmZ0ZXN0MUBtYWlsaWF0b3IuY29tIn0sImV4cCI6MTUxNDY4MjA2MSwiYXBwSWQiOiJhdG9tLndlYiIsImlhdCI6MTUwNDAxNzEwNCwicmVzb3VyY2VzIjpbeyJ1cm4iOiJRQVRFU1RPRCIsImlzQWN0aXZlIjp0cnVlfSx7InVybiI6IjM0MDAyIiwiaXNBY3RpdmUiOnRydWV9LHsidXJuIjoiMzQwMDIiLCJpc0FjdGl2ZSI6dHJ1ZX1dfQ.Fh7JdkJ-_Cuul1EgPxLleWCqmSofjxRvWwH8OZiWvl8,34002
eyJhbGciOiJIUzI1NiIsInR5cCI6IkpXVCJ9.eyJpc3MiOiJnYXRld2F5IiwidXNlciI6eyJzdHVkZW50SWQiOiIzNDAwMyIsImZpcnN0TmFtZSI6IkphbWVzIiwibGFzdE5hbWUiOiJLaW0iLCJpZCI6IjM0MDAzIiwicHJvdmlkZXIiOiJnb29nbGUiLCJlbWFpbCI6InBlcmZ0ZXN0MUBtYWlsaWF0b3IuY29tIn0sImV4cCI6MTUxNDY4MjA2MSwiYXBwSWQiOiJhdG9tLndlYiIsImlhdCI6MTUwNDAxNzEwNCwicmVzb3VyY2VzIjpbeyJ1cm4iOiJRQVRFU1RPRCIsImlzQWN0aXZlIjp0cnVlfSx7InVybiI6IjM0MDAzIiwiaXNBY3RpdmUiOnRydWV9LHsidXJuIjoiMzQwMDMiLCJpc0FjdGl2ZSI6dHJ1ZX1dfQ.pPV_gNZ5S0QUPpuD_wuPxJhU8aWgulbOyLKy_xkEy2w,34003
eyJhbGciOiJIUzI1NiIsInR5cCI6IkpXVCJ9.eyJpc3MiOiJnYXRld2F5IiwidXNlciI6eyJzdHVkZW50SWQiOiIzNDAwNCIsImZpcnN0TmFtZSI6IkphbWVzIiwibGFzdE5hbWUiOiJLaW0iLCJpZCI6IjM0MDA0IiwicHJvdmlkZXIiOiJnb29nbGUiLCJlbWFpbCI6InBlcmZ0ZXN0MUBtYWlsaWF0b3IuY29tIn0sImV4cCI6MTUxNDY4MjA2MSwiYXBwSWQiOiJhdG9tLndlYiIsImlhdCI6MTUwNDAxNzEwNCwicmVzb3VyY2VzIjpbeyJ1cm4iOiJRQVRFU1RPRCIsImlzQWN0aXZlIjp0cnVlfSx7InVybiI6IjM0MDA0IiwiaXNBY3RpdmUiOnRydWV9LHsidXJuIjoiMzQwMDQiLCJpc0FjdGl2ZSI6dHJ1ZX1dfQ.xyGnWV-LN_o8z4pU7t9A5X-hy8GUCiyJlgVwsVGJOdE,34004
eyJhbGciOiJIUzI1NiIsInR5cCI6IkpXVCJ9.eyJpc3MiOiJnYXRld2F5IiwidXNlciI6eyJzdHVkZW50SWQiOiIzNDAwNSIsImZpcnN0TmFtZSI6IkphbWVzIiwibGFzdE5hbWUiOiJLaW0iLCJpZCI6IjM0MDA1IiwicHJvdmlkZXIiOiJnb29nbGUiLCJlbWFpbCI6InBlcmZ0ZXN0MUBtYWlsaWF0b3IuY29tIn0sImV4cCI6MTUxNDY4MjA2MSwiYXBwSWQiOiJhdG9tLndlYiIsImlhdCI6MTUwNDAxNzEwNCwicmVzb3VyY2VzIjpbeyJ1cm4iOiJRQVRFU1RPRCIsImlzQWN0aXZlIjp0cnVlfSx7InVybiI6IjM0MDA1IiwiaXNBY3RpdmUiOnRydWV9LHsidXJuIjoiMzQwMDUiLCJpc0FjdGl2ZSI6dHJ1ZX1dfQ.FCMuAm6QNrSfrnjreMiQe6L-OWiekicijb0ydF4hul0,34005
eyJhbGciOiJIUzI1NiIsInR5cCI6IkpXVCJ9.eyJpc3MiOiJnYXRld2F5IiwidXNlciI6eyJzdHVkZW50SWQiOiIzNDAwNiIsImZpcnN0TmFtZSI6IkphbWVzIiwibGFzdE5hbWUiOiJLaW0iLCJpZCI6IjM0MDA2IiwicHJvdmlkZXIiOiJnb29nbGUiLCJlbWFpbCI6InBlcmZ0ZXN0MUBtYWlsaWF0b3IuY29tIn0sImV4cCI6MTUxNDY4MjA2MSwiYXBwSWQiOiJhdG9tLndlYiIsImlhdCI6MTUwNDAxNzEwNCwicmVzb3VyY2VzIjpbeyJ1cm4iOiJRQVRFU1RPRCIsImlzQWN0aXZlIjp0cnVlfSx7InVybiI6IjM0MDA2IiwiaXNBY3RpdmUiOnRydWV9LHsidXJuIjoiMzQwMDYiLCJpc0FjdGl2ZSI6dHJ1ZX1dfQ.TscN8tydQ2-zQSzJtVhQjNRMsrF_Ig6oK53ltb6lidM,34006
eyJhbGciOiJIUzI1NiIsInR5cCI6IkpXVCJ9.eyJpc3MiOiJnYXRld2F5IiwidXNlciI6eyJzdHVkZW50SWQiOiIzNDAwNyIsImZpcnN0TmFtZSI6IkphbWVzIiwibGFzdE5hbWUiOiJLaW0iLCJpZCI6IjM0MDA3IiwicHJvdmlkZXIiOiJnb29nbGUiLCJlbWFpbCI6InBlcmZ0ZXN0MUBtYWlsaWF0b3IuY29tIn0sImV4cCI6MTUxNDY4MjA2MSwiYXBwSWQiOiJhdG9tLndlYiIsImlhdCI6MTUwNDAxNzEwNCwicmVzb3VyY2VzIjpbeyJ1cm4iOiJRQVRFU1RPRCIsImlzQWN0aXZlIjp0cnVlfSx7InVybiI6IjM0MDA3IiwiaXNBY3RpdmUiOnRydWV9LHsidXJuIjoiMzQwMDciLCJpc0FjdGl2ZSI6dHJ1ZX1dfQ.l58vrZq0tbHW9lwnduVz3XVUTc_aA1rsXnv2cKwR_Bs,34007
eyJhbGciOiJIUzI1NiIsInR5cCI6IkpXVCJ9.eyJpc3MiOiJnYXRld2F5IiwidXNlciI6eyJzdHVkZW50SWQiOiIzNDAwOCIsImZpcnN0TmFtZSI6IkphbWVzIiwibGFzdE5hbWUiOiJLaW0iLCJpZCI6IjM0MDA4IiwicHJvdmlkZXIiOiJnb29nbGUiLCJlbWFpbCI6InBlcmZ0ZXN0MUBtYWlsaWF0b3IuY29tIn0sImV4cCI6MTUxNDY4MjA2MSwiYXBwSWQiOiJhdG9tLndlYiIsImlhdCI6MTUwNDAxNzEwNCwicmVzb3VyY2VzIjpbeyJ1cm4iOiJRQVRFU1RPRCIsImlzQWN0aXZlIjp0cnVlfSx7InVybiI6IjM0MDA4IiwiaXNBY3RpdmUiOnRydWV9LHsidXJuIjoiMzQwMDgiLCJpc0FjdGl2ZSI6dHJ1ZX1dfQ.s9uAFX4SSSsH_t8nbog92UO2lbxJDykJUjg5xgndxzM,34008
eyJhbGciOiJIUzI1NiIsInR5cCI6IkpXVCJ9.eyJpc3MiOiJnYXRld2F5IiwidXNlciI6eyJzdHVkZW50SWQiOiIzNDAwOSIsImZpcnN0TmFtZSI6IkphbWVzIiwibGFzdE5hbWUiOiJLaW0iLCJpZCI6IjM0MDA5IiwicHJvdmlkZXIiOiJnb29nbGUiLCJlbWFpbCI6InBlcmZ0ZXN0MUBtYWlsaWF0b3IuY29tIn0sImV4cCI6MTUxNDY4MjA2MSwiYXBwSWQiOiJhdG9tLndlYiIsImlhdCI6MTUwNDAxNzEwNCwicmVzb3VyY2VzIjpbeyJ1cm4iOiJRQVRFU1RPRCIsImlzQWN0aXZlIjp0cnVlfSx7InVybiI6IjM0MDA5IiwiaXNBY3RpdmUiOnRydWV9LHsidXJuIjoiMzQwMDkiLCJpc0FjdGl2ZSI6dHJ1ZX1dfQ.Y69im3V1DCbSzSWQGMj3OmaayxmlJmpxTiAo50LknkQ,34009
eyJhbGciOiJIUzI1NiIsInR5cCI6IkpXVCJ9.eyJpc3MiOiJnYXRld2F5IiwidXNlciI6eyJzdHVkZW50SWQiOiIzNDAxMCIsImZpcnN0TmFtZSI6IkphbWVzIiwibGFzdE5hbWUiOiJLaW0iLCJpZCI6IjM0MDEwIiwicHJvdmlkZXIiOiJnb29nbGUiLCJlbWFpbCI6InBlcmZ0ZXN0MUBtYWlsaWF0b3IuY29tIn0sImV4cCI6MTUxNDY4MjA2MSwiYXBwSWQiOiJhdG9tLndlYiIsImlhdCI6MTUwNDAxNzEwNCwicmVzb3VyY2VzIjpbeyJ1cm4iOiJRQVRFU1RPRCIsImlzQWN0aXZlIjp0cnVlfSx7InVybiI6IjM0MDEwIiwiaXNBY3RpdmUiOnRydWV9LHsidXJuIjoiMzQwMTAiLCJpc0FjdGl2ZSI6dHJ1ZX1dfQ.D9hjVbjBNR0fdpAFtnvjz7saXI-DSJIVEGS7gRSberQ,34010
eyJhbGciOiJIUzI1NiIsInR5cCI6IkpXVCJ9.eyJpc3MiOiJnYXRld2F5IiwidXNlciI6eyJzdHVkZW50SWQiOiIzNDAxMSIsImZpcnN0TmFtZSI6IkphbWVzIiwibGFzdE5hbWUiOiJLaW0iLCJpZCI6IjM0MDExIiwicHJvdmlkZXIiOiJnb29nbGUiLCJlbWFpbCI6InBlcmZ0ZXN0MUBtYWlsaWF0b3IuY29tIn0sImV4cCI6MTUxNDY4MjA2MSwiYXBwSWQiOiJhdG9tLndlYiIsImlhdCI6MTUwNDAxNzEwNCwicmVzb3VyY2VzIjpbeyJ1cm4iOiJRQVRFU1RPRCIsImlzQWN0aXZlIjp0cnVlfSx7InVybiI6IjM0MDExIiwiaXNBY3RpdmUiOnRydWV9LHsidXJuIjoiMzQwMTEiLCJpc0FjdGl2ZSI6dHJ1ZX1dfQ.pVuzEhvb0X8ZqcblosXyc8MkBoXwyxk4BJFnh2CH5zg,34011
eyJhbGciOiJIUzI1NiIsInR5cCI6IkpXVCJ9.eyJpc3MiOiJnYXRld2F5IiwidXNlciI6eyJzdHVkZW50SWQiOiIzNDAxMiIsImZpcnN0TmFtZSI6IkphbWVzIiwibGFzdE5hbWUiOiJLaW0iLCJpZCI6IjM0MDEyIiwicHJvdmlkZXIiOiJnb29nbGUiLCJlbWFpbCI6InBlcmZ0ZXN0MUBtYWlsaWF0b3IuY29tIn0sImV4cCI6MTUxNDY4MjA2MSwiYXBwSWQiOiJhdG9tLndlYiIsImlhdCI6MTUwNDAxNzEwNCwicmVzb3VyY2VzIjpbeyJ1cm4iOiJRQVRFU1RPRCIsImlzQWN0aXZlIjp0cnVlfSx7InVybiI6IjM0MDEyIiwiaXNBY3RpdmUiOnRydWV9LHsidXJuIjoiMzQwMTIiLCJpc0FjdGl2ZSI6dHJ1ZX1dfQ.jkpaLJ5s9rJ5vH2tzwqj46haMbh4vQINKG5D3sZZuNE,34012
eyJhbGciOiJIUzI1NiIsInR5cCI6IkpXVCJ9.eyJpc3MiOiJnYXRld2F5IiwidXNlciI6eyJzdHVkZW50SWQiOiIzNDAxMyIsImZpcnN0TmFtZSI6IkphbWVzIiwibGFzdE5hbWUiOiJLaW0iLCJpZCI6IjM0MDEzIiwicHJvdmlkZXIiOiJnb29nbGUiLCJlbWFpbCI6InBlcmZ0ZXN0MUBtYWlsaWF0b3IuY29tIn0sImV4cCI6MTUxNDY4MjA2MSwiYXBwSWQiOiJhdG9tLndlYiIsImlhdCI6MTUwNDAxNzEwNCwicmVzb3VyY2VzIjpbeyJ1cm4iOiJRQVRFU1RPRCIsImlzQWN0aXZlIjp0cnVlfSx7InVybiI6IjM0MDEzIiwiaXNBY3RpdmUiOnRydWV9LHsidXJuIjoiMzQwMTMiLCJpc0FjdGl2ZSI6dHJ1ZX1dfQ.vY8QyjmRioPvY_DpI78sPyEHvoz56Y7intL8y84IcVM,34013
eyJhbGciOiJIUzI1NiIsInR5cCI6IkpXVCJ9.eyJpc3MiOiJnYXRld2F5IiwidXNlciI6eyJzdHVkZW50SWQiOiIzNDAxNCIsImZpcnN0TmFtZSI6IkphbWVzIiwibGFzdE5hbWUiOiJLaW0iLCJpZCI6IjM0MDE0IiwicHJvdmlkZXIiOiJnb29nbGUiLCJlbWFpbCI6InBlcmZ0ZXN0MUBtYWlsaWF0b3IuY29tIn0sImV4cCI6MTUxNDY4MjA2MSwiYXBwSWQiOiJhdG9tLndlYiIsImlhdCI6MTUwNDAxNzEwNCwicmVzb3VyY2VzIjpbeyJ1cm4iOiJRQVRFU1RPRCIsImlzQWN0aXZlIjp0cnVlfSx7InVybiI6IjM0MDE0IiwiaXNBY3RpdmUiOnRydWV9LHsidXJuIjoiMzQwMTQiLCJpc0FjdGl2ZSI6dHJ1ZX1dfQ.N2KkfOEZCz1I96Cv6jmsspsXOpn5nGzDyMkUQoHqvPM,34014
eyJhbGciOiJIUzI1NiIsInR5cCI6IkpXVCJ9.eyJpc3MiOiJnYXRld2F5IiwidXNlciI6eyJzdHVkZW50SWQiOiIzNDAxNSIsImZpcnN0TmFtZSI6IkphbWVzIiwibGFzdE5hbWUiOiJLaW0iLCJpZCI6IjM0MDE1IiwicHJvdmlkZXIiOiJnb29nbGUiLCJlbWFpbCI6InBlcmZ0ZXN0MUBtYWlsaWF0b3IuY29tIn0sImV4cCI6MTUxNDY4MjA2MSwiYXBwSWQiOiJhdG9tLndlYiIsImlhdCI6MTUwNDAxNzEwNCwicmVzb3VyY2VzIjpbeyJ1cm4iOiJRQVRFU1RPRCIsImlzQWN0aXZlIjp0cnVlfSx7InVybiI6IjM0MDE1IiwiaXNBY3RpdmUiOnRydWV9LHsidXJuIjoiMzQwMTUiLCJpc0FjdGl2ZSI6dHJ1ZX1dfQ.YTZ5mr1FmEftzvyEjMOYnmGLDp0iQqdHXe5rZeb5jxs,34015
eyJhbGciOiJIUzI1NiIsInR5cCI6IkpXVCJ9.eyJpc3MiOiJnYXRld2F5IiwidXNlciI6eyJzdHVkZW50SWQiOiIzNDAxNiIsImZpcnN0TmFtZSI6IkphbWVzIiwibGFzdE5hbWUiOiJLaW0iLCJpZCI6IjM0MDE2IiwicHJvdmlkZXIiOiJnb29nbGUiLCJlbWFpbCI6InBlcmZ0ZXN0MUBtYWlsaWF0b3IuY29tIn0sImV4cCI6MTUxNDY4MjA2MSwiYXBwSWQiOiJhdG9tLndlYiIsImlhdCI6MTUwNDAxNzEwNCwicmVzb3VyY2VzIjpbeyJ1cm4iOiJRQVRFU1RPRCIsImlzQWN0aXZlIjp0cnVlfSx7InVybiI6IjM0MDE2IiwiaXNBY3RpdmUiOnRydWV9LHsidXJuIjoiMzQwMTYiLCJpc0FjdGl2ZSI6dHJ1ZX1dfQ._8irDPsQP6nmhkKGGjQsRrDF4AInVnc1koPEXYQ2VbY,34016
eyJhbGciOiJIUzI1NiIsInR5cCI6IkpXVCJ9.eyJpc3MiOiJnYXRld2F5IiwidXNlciI6eyJzdHVkZW50SWQiOiIzNDAxNyIsImZpcnN0TmFtZSI6IkphbWVzIiwibGFzdE5hbWUiOiJLaW0iLCJpZCI6IjM0MDE3IiwicHJvdmlkZXIiOiJnb29nbGUiLCJlbWFpbCI6InBlcmZ0ZXN0MUBtYWlsaWF0b3IuY29tIn0sImV4cCI6MTUxNDY4MjA2MSwiYXBwSWQiOiJhdG9tLndlYiIsImlhdCI6MTUwNDAxNzEwNCwicmVzb3VyY2VzIjpbeyJ1cm4iOiJRQVRFU1RPRCIsImlzQWN0aXZlIjp0cnVlfSx7InVybiI6IjM0MDE3IiwiaXNBY3RpdmUiOnRydWV9LHsidXJuIjoiMzQwMTciLCJpc0FjdGl2ZSI6dHJ1ZX1dfQ.49aBps_TRx5txVSpgFAzwTl_9vamzLfp2zmzF8lI26E,34017
eyJhbGciOiJIUzI1NiIsInR5cCI6IkpXVCJ9.eyJpc3MiOiJnYXRld2F5IiwidXNlciI6eyJzdHVkZW50SWQiOiIzNDAxOCIsImZpcnN0TmFtZSI6IkphbWVzIiwibGFzdE5hbWUiOiJLaW0iLCJpZCI6IjM0MDE4IiwicHJvdmlkZXIiOiJnb29nbGUiLCJlbWFpbCI6InBlcmZ0ZXN0MUBtYWlsaWF0b3IuY29tIn0sImV4cCI6MTUxNDY4MjA2MSwiYXBwSWQiOiJhdG9tLndlYiIsImlhdCI6MTUwNDAxNzEwNCwicmVzb3VyY2VzIjpbeyJ1cm4iOiJRQVRFU1RPRCIsImlzQWN0aXZlIjp0cnVlfSx7InVybiI6IjM0MDE4IiwiaXNBY3RpdmUiOnRydWV9LHsidXJuIjoiMzQwMTgiLCJpc0FjdGl2ZSI6dHJ1ZX1dfQ.YXWib-Dtn_4zkGzDqlHCRhFczxyaXnWqwVPrYMSso2U,34018
eyJhbGciOiJIUzI1NiIsInR5cCI6IkpXVCJ9.eyJpc3MiOiJnYXRld2F5IiwidXNlciI6eyJzdHVkZW50SWQiOiIzNDAxOSIsImZpcnN0TmFtZSI6IkphbWVzIiwibGFzdE5hbWUiOiJLaW0iLCJpZCI6IjM0MDE5IiwicHJvdmlkZXIiOiJnb29nbGUiLCJlbWFpbCI6InBlcmZ0ZXN0MUBtYWlsaWF0b3IuY29tIn0sImV4cCI6MTUxNDY4MjA2MSwiYXBwSWQiOiJhdG9tLndlYiIsImlhdCI6MTUwNDAxNzEwNCwicmVzb3VyY2VzIjpbeyJ1cm4iOiJRQVRFU1RPRCIsImlzQWN0aXZlIjp0cnVlfSx7InVybiI6IjM0MDE5IiwiaXNBY3RpdmUiOnRydWV9LHsidXJuIjoiMzQwMTkiLCJpc0FjdGl2ZSI6dHJ1ZX1dfQ.bxNpf6LL-pZUICKyom3VC-EC5Va49E95Burd3J2Yzr4,34019
eyJhbGciOiJIUzI1NiIsInR5cCI6IkpXVCJ9.eyJpc3MiOiJnYXRld2F5IiwidXNlciI6eyJzdHVkZW50SWQiOiIzNDAyMCIsImZpcnN0TmFtZSI6IkphbWVzIiwibGFzdE5hbWUiOiJLaW0iLCJpZCI6IjM0MDIwIiwicHJvdmlkZXIiOiJnb29nbGUiLCJlbWFpbCI6InBlcmZ0ZXN0MUBtYWlsaWF0b3IuY29tIn0sImV4cCI6MTUxNDY4MjA2MSwiYXBwSWQiOiJhdG9tLndlYiIsImlhdCI6MTUwNDAxNzEwNCwicmVzb3VyY2VzIjpbeyJ1cm4iOiJRQVRFU1RPRCIsImlzQWN0aXZlIjp0cnVlfSx7InVybiI6IjM0MDIwIiwiaXNBY3RpdmUiOnRydWV9LHsidXJuIjoiMzQwMjAiLCJpc0FjdGl2ZSI6dHJ1ZX1dfQ.DSj6xwSEIO1koZtA3NryDTiEpC2ZrbTz2Vy6_GR6GAw,34020
eyJhbGciOiJIUzI1NiIsInR5cCI6IkpXVCJ9.eyJpc3MiOiJnYXRld2F5IiwidXNlciI6eyJzdHVkZW50SWQiOiIzNDAyMSIsImZpcnN0TmFtZSI6IkphbWVzIiwibGFzdE5hbWUiOiJLaW0iLCJpZCI6IjM0MDIxIiwicHJvdmlkZXIiOiJnb29nbGUiLCJlbWFpbCI6InBlcmZ0ZXN0MUBtYWlsaWF0b3IuY29tIn0sImV4cCI6MTUxNDY4MjA2MSwiYXBwSWQiOiJhdG9tLndlYiIsImlhdCI6MTUwNDAxNzEwNCwicmVzb3VyY2VzIjpbeyJ1cm4iOiJRQVRFU1RPRCIsImlzQWN0aXZlIjp0cnVlfSx7InVybiI6IjM0MDIxIiwiaXNBY3RpdmUiOnRydWV9LHsidXJuIjoiMzQwMjEiLCJpc0FjdGl2ZSI6dHJ1ZX1dfQ.ptlVoE51MLPXNfNH2dGufpABwrl57Rt7de7vKVU3PNo,34021
eyJhbGciOiJIUzI1NiIsInR5cCI6IkpXVCJ9.eyJpc3MiOiJnYXRld2F5IiwidXNlciI6eyJzdHVkZW50SWQiOiIzNDAyMiIsImZpcnN0TmFtZSI6IkphbWVzIiwibGFzdE5hbWUiOiJLaW0iLCJpZCI6IjM0MDIyIiwicHJvdmlkZXIiOiJnb29nbGUiLCJlbWFpbCI6InBlcmZ0ZXN0MUBtYWlsaWF0b3IuY29tIn0sImV4cCI6MTUxNDY4MjA2MSwiYXBwSWQiOiJhdG9tLndlYiIsImlhdCI6MTUwNDAxNzEwNCwicmVzb3VyY2VzIjpbeyJ1cm4iOiJRQVRFU1RPRCIsImlzQWN0aXZlIjp0cnVlfSx7InVybiI6IjM0MDIyIiwiaXNBY3RpdmUiOnRydWV9LHsidXJuIjoiMzQwMjIiLCJpc0FjdGl2ZSI6dHJ1ZX1dfQ.4ZDf0WIPXa-wY73di7J6-jbmCs9hSWs9z4Q1NDQtyLg,34022
eyJhbGciOiJIUzI1NiIsInR5cCI6IkpXVCJ9.eyJpc3MiOiJnYXRld2F5IiwidXNlciI6eyJzdHVkZW50SWQiOiIzNDAyMyIsImZpcnN0TmFtZSI6IkphbWVzIiwibGFzdE5hbWUiOiJLaW0iLCJpZCI6IjM0MDIzIiwicHJvdmlkZXIiOiJnb29nbGUiLCJlbWFpbCI6InBlcmZ0ZXN0MUBtYWlsaWF0b3IuY29tIn0sImV4cCI6MTUxNDY4MjA2MSwiYXBwSWQiOiJhdG9tLndlYiIsImlhdCI6MTUwNDAxNzEwNCwicmVzb3VyY2VzIjpbeyJ1cm4iOiJRQVRFU1RPRCIsImlzQWN0aXZlIjp0cnVlfSx7InVybiI6IjM0MDIzIiwiaXNBY3RpdmUiOnRydWV9LHsidXJuIjoiMzQwMjMiLCJpc0FjdGl2ZSI6dHJ1ZX1dfQ.GdQG-BEpHaES-JzDsHrRb-UpCMVAcmyv2tcy-hlbd3o,34023
eyJhbGciOiJIUzI1NiIsInR5cCI6IkpXVCJ9.eyJpc3MiOiJnYXRld2F5IiwidXNlciI6eyJzdHVkZW50SWQiOiIzNDAyNCIsImZpcnN0TmFtZSI6IkphbWVzIiwibGFzdE5hbWUiOiJLaW0iLCJpZCI6IjM0MDI0IiwicHJvdmlkZXIiOiJnb29nbGUiLCJlbWFpbCI6InBlcmZ0ZXN0MUBtYWlsaWF0b3IuY29tIn0sImV4cCI6MTUxNDY4MjA2MSwiYXBwSWQiOiJhdG9tLndlYiIsImlhdCI6MTUwNDAxNzEwNCwicmVzb3VyY2VzIjpbeyJ1cm4iOiJRQVRFU1RPRCIsImlzQWN0aXZlIjp0cnVlfSx7InVybiI6IjM0MDI0IiwiaXNBY3RpdmUiOnRydWV9LHsidXJuIjoiMzQwMjQiLCJpc0FjdGl2ZSI6dHJ1ZX1dfQ.MslcfdgDdQ_ogcGl2EOd7lEs46l0qIBDA0iWe-YMfi0,34024
eyJhbGciOiJIUzI1NiIsInR5cCI6IkpXVCJ9.eyJpc3MiOiJnYXRld2F5IiwidXNlciI6eyJzdHVkZW50SWQiOiIzNDAyNSIsImZpcnN0TmFtZSI6IkphbWVzIiwibGFzdE5hbWUiOiJLaW0iLCJpZCI6IjM0MDI1IiwicHJvdmlkZXIiOiJnb29nbGUiLCJlbWFpbCI6InBlcmZ0ZXN0MUBtYWlsaWF0b3IuY29tIn0sImV4cCI6MTUxNDY4MjA2MSwiYXBwSWQiOiJhdG9tLndlYiIsImlhdCI6MTUwNDAxNzEwNCwicmVzb3VyY2VzIjpbeyJ1cm4iOiJRQVRFU1RPRCIsImlzQWN0aXZlIjp0cnVlfSx7InVybiI6IjM0MDI1IiwiaXNBY3RpdmUiOnRydWV9LHsidXJuIjoiMzQwMjUiLCJpc0FjdGl2ZSI6dHJ1ZX1dfQ.rbnwb0MX_ODdO7FiJqLUiIoQT38HK5Qi5NAAuCxzukc,34025
eyJhbGciOiJIUzI1NiIsInR5cCI6IkpXVCJ9.eyJpc3MiOiJnYXRld2F5IiwidXNlciI6eyJzdHVkZW50SWQiOiIzNDAyNiIsImZpcnN0TmFtZSI6IkphbWVzIiwibGFzdE5hbWUiOiJLaW0iLCJpZCI6IjM0MDI2IiwicHJvdmlkZXIiOiJnb29nbGUiLCJlbWFpbCI6InBlcmZ0ZXN0MUBtYWlsaWF0b3IuY29tIn0sImV4cCI6MTUxNDY4MjA2MSwiYXBwSWQiOiJhdG9tLndlYiIsImlhdCI6MTUwNDAxNzEwNCwicmVzb3VyY2VzIjpbeyJ1cm4iOiJRQVRFU1RPRCIsImlzQWN0aXZlIjp0cnVlfSx7InVybiI6IjM0MDI2IiwiaXNBY3RpdmUiOnRydWV9LHsidXJuIjoiMzQwMjYiLCJpc0FjdGl2ZSI6dHJ1ZX1dfQ.JfEjj6PPgpDo7KT4gFf0b4KJs0rTDvJbgfEup7n04S8,34026
eyJhbGciOiJIUzI1NiIsInR5cCI6IkpXVCJ9.eyJpc3MiOiJnYXRld2F5IiwidXNlciI6eyJzdHVkZW50SWQiOiIzNDAyNyIsImZpcnN0TmFtZSI6IkphbWVzIiwibGFzdE5hbWUiOiJLaW0iLCJpZCI6IjM0MDI3IiwicHJvdmlkZXIiOiJnb29nbGUiLCJlbWFpbCI6InBlcmZ0ZXN0MUBtYWlsaWF0b3IuY29tIn0sImV4cCI6MTUxNDY4MjA2MSwiYXBwSWQiOiJhdG9tLndlYiIsImlhdCI6MTUwNDAxNzEwNCwicmVzb3VyY2VzIjpbeyJ1cm4iOiJRQVRFU1RPRCIsImlzQWN0aXZlIjp0cnVlfSx7InVybiI6IjM0MDI3IiwiaXNBY3RpdmUiOnRydWV9LHsidXJuIjoiMzQwMjciLCJpc0FjdGl2ZSI6dHJ1ZX1dfQ.iuQGU63tCJLxEeu47F0_4qpfVStdpcKtncgR2dmOUp8,34027
eyJhbGciOiJIUzI1NiIsInR5cCI6IkpXVCJ9.eyJpc3MiOiJnYXRld2F5IiwidXNlciI6eyJzdHVkZW50SWQiOiIzNDAyOCIsImZpcnN0TmFtZSI6IkphbWVzIiwibGFzdE5hbWUiOiJLaW0iLCJpZCI6IjM0MDI4IiwicHJvdmlkZXIiOiJnb29nbGUiLCJlbWFpbCI6InBlcmZ0ZXN0MUBtYWlsaWF0b3IuY29tIn0sImV4cCI6MTUxNDY4MjA2MSwiYXBwSWQiOiJhdG9tLndlYiIsImlhdCI6MTUwNDAxNzEwNCwicmVzb3VyY2VzIjpbeyJ1cm4iOiJRQVRFU1RPRCIsImlzQWN0aXZlIjp0cnVlfSx7InVybiI6IjM0MDI4IiwiaXNBY3RpdmUiOnRydWV9LHsidXJuIjoiMzQwMjgiLCJpc0FjdGl2ZSI6dHJ1ZX1dfQ.tdH187Er6j6rTNAbN4zK2bBycWKkEDmKlumFTLrvkZ4,34028
eyJhbGciOiJIUzI1NiIsInR5cCI6IkpXVCJ9.eyJpc3MiOiJnYXRld2F5IiwidXNlciI6eyJzdHVkZW50SWQiOiIzNDAyOSIsImZpcnN0TmFtZSI6IkphbWVzIiwibGFzdE5hbWUiOiJLaW0iLCJpZCI6IjM0MDI5IiwicHJvdmlkZXIiOiJnb29nbGUiLCJlbWFpbCI6InBlcmZ0ZXN0MUBtYWlsaWF0b3IuY29tIn0sImV4cCI6MTUxNDY4MjA2MSwiYXBwSWQiOiJhdG9tLndlYiIsImlhdCI6MTUwNDAxNzEwNCwicmVzb3VyY2VzIjpbeyJ1cm4iOiJRQVRFU1RPRCIsImlzQWN0aXZlIjp0cnVlfSx7InVybiI6IjM0MDI5IiwiaXNBY3RpdmUiOnRydWV9LHsidXJuIjoiMzQwMjkiLCJpc0FjdGl2ZSI6dHJ1ZX1dfQ.9FeGoMRkVbS8cxQyHt4JmU9XQaMFW2v4rL-R9Z1LFHs,34029
eyJhbGciOiJIUzI1NiIsInR5cCI6IkpXVCJ9.eyJpc3MiOiJnYXRld2F5IiwidXNlciI6eyJzdHVkZW50SWQiOiIzNDAzMCIsImZpcnN0TmFtZSI6IkphbWVzIiwibGFzdE5hbWUiOiJLaW0iLCJpZCI6IjM0MDMwIiwicHJvdmlkZXIiOiJnb29nbGUiLCJlbWFpbCI6InBlcmZ0ZXN0MUBtYWlsaWF0b3IuY29tIn0sImV4cCI6MTUxNDY4MjA2MSwiYXBwSWQiOiJhdG9tLndlYiIsImlhdCI6MTUwNDAxNzEwNCwicmVzb3VyY2VzIjpbeyJ1cm4iOiJRQVRFU1RPRCIsImlzQWN0aXZlIjp0cnVlfSx7InVybiI6IjM0MDMwIiwiaXNBY3RpdmUiOnRydWV9LHsidXJuIjoiMzQwMzAiLCJpc0FjdGl2ZSI6dHJ1ZX1dfQ.R8POd-yfJeHxjFbXyzM5iE9CcieklbNKWISYgiggqXE,34030
eyJhbGciOiJIUzI1NiIsInR5cCI6IkpXVCJ9.eyJpc3MiOiJnYXRld2F5IiwidXNlciI6eyJzdHVkZW50SWQiOiIzNDAzMSIsImZpcnN0TmFtZSI6IkphbWVzIiwibGFzdE5hbWUiOiJLaW0iLCJpZCI6IjM0MDMxIiwicHJvdmlkZXIiOiJnb29nbGUiLCJlbWFpbCI6InBlcmZ0ZXN0MUBtYWlsaWF0b3IuY29tIn0sImV4cCI6MTUxNDY4MjA2MSwiYXBwSWQiOiJhdG9tLndlYiIsImlhdCI6MTUwNDAxNzEwNCwicmVzb3VyY2VzIjpbeyJ1cm4iOiJRQVRFU1RPRCIsImlzQWN0aXZlIjp0cnVlfSx7InVybiI6IjM0MDMxIiwiaXNBY3RpdmUiOnRydWV9LHsidXJuIjoiMzQwMzEiLCJpc0FjdGl2ZSI6dHJ1ZX1dfQ.eDZM0b1WCcI0fQD6bc9UB0Sy6t6WHWetf8N3gT8GlkA,34031
eyJhbGciOiJIUzI1NiIsInR5cCI6IkpXVCJ9.eyJpc3MiOiJnYXRld2F5IiwidXNlciI6eyJzdHVkZW50SWQiOiIzNDAzMiIsImZpcnN0TmFtZSI6IkphbWVzIiwibGFzdE5hbWUiOiJLaW0iLCJpZCI6IjM0MDMyIiwicHJvdmlkZXIiOiJnb29nbGUiLCJlbWFpbCI6InBlcmZ0ZXN0MUBtYWlsaWF0b3IuY29tIn0sImV4cCI6MTUxNDY4MjA2MSwiYXBwSWQiOiJhdG9tLndlYiIsImlhdCI6MTUwNDAxNzEwNCwicmVzb3VyY2VzIjpbeyJ1cm4iOiJRQVRFU1RPRCIsImlzQWN0aXZlIjp0cnVlfSx7InVybiI6IjM0MDMyIiwiaXNBY3RpdmUiOnRydWV9LHsidXJuIjoiMzQwMzIiLCJpc0FjdGl2ZSI6dHJ1ZX1dfQ.75UvPRLqVfcqdvX5C1Glq-XyaHOJ3HMWncD79D7AmSU,34032
eyJhbGciOiJIUzI1NiIsInR5cCI6IkpXVCJ9.eyJpc3MiOiJnYXRld2F5IiwidXNlciI6eyJzdHVkZW50SWQiOiIzNDAzMyIsImZpcnN0TmFtZSI6IkphbWVzIiwibGFzdE5hbWUiOiJLaW0iLCJpZCI6IjM0MDMzIiwicHJvdmlkZXIiOiJnb29nbGUiLCJlbWFpbCI6InBlcmZ0ZXN0MUBtYWlsaWF0b3IuY29tIn0sImV4cCI6MTUxNDY4MjA2MSwiYXBwSWQiOiJhdG9tLndlYiIsImlhdCI6MTUwNDAxNzEwNCwicmVzb3VyY2VzIjpbeyJ1cm4iOiJRQVRFU1RPRCIsImlzQWN0aXZlIjp0cnVlfSx7InVybiI6IjM0MDMzIiwiaXNBY3RpdmUiOnRydWV9LHsidXJuIjoiMzQwMzMiLCJpc0FjdGl2ZSI6dHJ1ZX1dfQ.b8V18kIR88f3OB0Gggxoy_cRrbuskVaC7cK2KECQLhk,34033
eyJhbGciOiJIUzI1NiIsInR5cCI6IkpXVCJ9.eyJpc3MiOiJnYXRld2F5IiwidXNlciI6eyJzdHVkZW50SWQiOiIzNDAzNCIsImZpcnN0TmFtZSI6IkphbWVzIiwibGFzdE5hbWUiOiJLaW0iLCJpZCI6IjM0MDM0IiwicHJvdmlkZXIiOiJnb29nbGUiLCJlbWFpbCI6InBlcmZ0ZXN0MUBtYWlsaWF0b3IuY29tIn0sImV4cCI6MTUxNDY4MjA2MSwiYXBwSWQiOiJhdG9tLndlYiIsImlhdCI6MTUwNDAxNzEwNCwicmVzb3VyY2VzIjpbeyJ1cm4iOiJRQVRFU1RPRCIsImlzQWN0aXZlIjp0cnVlfSx7InVybiI6IjM0MDM0IiwiaXNBY3RpdmUiOnRydWV9LHsidXJuIjoiMzQwMzQiLCJpc0FjdGl2ZSI6dHJ1ZX1dfQ.CIWwN-c1HMGU4qwNxcs6wxKxI8BEKbAcLryLF-iYLKs,34034
eyJhbGciOiJIUzI1NiIsInR5cCI6IkpXVCJ9.eyJpc3MiOiJnYXRld2F5IiwidXNlciI6eyJzdHVkZW50SWQiOiIzNDAzNSIsImZpcnN0TmFtZSI6IkphbWVzIiwibGFzdE5hbWUiOiJLaW0iLCJpZCI6IjM0MDM1IiwicHJvdmlkZXIiOiJnb29nbGUiLCJlbWFpbCI6InBlcmZ0ZXN0MUBtYWlsaWF0b3IuY29tIn0sImV4cCI6MTUxNDY4MjA2MSwiYXBwSWQiOiJhdG9tLndlYiIsImlhdCI6MTUwNDAxNzEwNCwicmVzb3VyY2VzIjpbeyJ1cm4iOiJRQVRFU1RPRCIsImlzQWN0aXZlIjp0cnVlfSx7InVybiI6IjM0MDM1IiwiaXNBY3RpdmUiOnRydWV9LHsidXJuIjoiMzQwMzUiLCJpc0FjdGl2ZSI6dHJ1ZX1dfQ.hR7l3FZZe95zyt45BDQemQBMSmutrZaV2OrUXA0_H18,34035
eyJhbGciOiJIUzI1NiIsInR5cCI6IkpXVCJ9.eyJpc3MiOiJnYXRld2F5IiwidXNlciI6eyJzdHVkZW50SWQiOiIzNDAzNiIsImZpcnN0TmFtZSI6IkphbWVzIiwibGFzdE5hbWUiOiJLaW0iLCJpZCI6IjM0MDM2IiwicHJvdmlkZXIiOiJnb29nbGUiLCJlbWFpbCI6InBlcmZ0ZXN0MUBtYWlsaWF0b3IuY29tIn0sImV4cCI6MTUxNDY4MjA2MSwiYXBwSWQiOiJhdG9tLndlYiIsImlhdCI6MTUwNDAxNzEwNCwicmVzb3VyY2VzIjpbeyJ1cm4iOiJRQVRFU1RPRCIsImlzQWN0aXZlIjp0cnVlfSx7InVybiI6IjM0MDM2IiwiaXNBY3RpdmUiOnRydWV9LHsidXJuIjoiMzQwMzYiLCJpc0FjdGl2ZSI6dHJ1ZX1dfQ.F8K8RzCE6wceZC9SnDNpVSLj4s0KRELZBBhA6jcIjwQ,34036
eyJhbGciOiJIUzI1NiIsInR5cCI6IkpXVCJ9.eyJpc3MiOiJnYXRld2F5IiwidXNlciI6eyJzdHVkZW50SWQiOiIzNDAzNyIsImZpcnN0TmFtZSI6IkphbWVzIiwibGFzdE5hbWUiOiJLaW0iLCJpZCI6IjM0MDM3IiwicHJvdmlkZXIiOiJnb29nbGUiLCJlbWFpbCI6InBlcmZ0ZXN0MUBtYWlsaWF0b3IuY29tIn0sImV4cCI6MTUxNDY4MjA2MSwiYXBwSWQiOiJhdG9tLndlYiIsImlhdCI6MTUwNDAxNzEwNCwicmVzb3VyY2VzIjpbeyJ1cm4iOiJRQVRFU1RPRCIsImlzQWN0aXZlIjp0cnVlfSx7InVybiI6IjM0MDM3IiwiaXNBY3RpdmUiOnRydWV9LHsidXJuIjoiMzQwMzciLCJpc0FjdGl2ZSI6dHJ1ZX1dfQ.FWQQgI_cviy0enaX_2Jn2_heUWLq8VWiknvf1l3wsiQ,34037
eyJhbGciOiJIUzI1NiIsInR5cCI6IkpXVCJ9.eyJpc3MiOiJnYXRld2F5IiwidXNlciI6eyJzdHVkZW50SWQiOiIzNDAzOCIsImZpcnN0TmFtZSI6IkphbWVzIiwibGFzdE5hbWUiOiJLaW0iLCJpZCI6IjM0MDM4IiwicHJvdmlkZXIiOiJnb29nbGUiLCJlbWFpbCI6InBlcmZ0ZXN0MUBtYWlsaWF0b3IuY29tIn0sImV4cCI6MTUxNDY4MjA2MSwiYXBwSWQiOiJhdG9tLndlYiIsImlhdCI6MTUwNDAxNzEwNCwicmVzb3VyY2VzIjpbeyJ1cm4iOiJRQVRFU1RPRCIsImlzQWN0aXZlIjp0cnVlfSx7InVybiI6IjM0MDM4IiwiaXNBY3RpdmUiOnRydWV9LHsidXJuIjoiMzQwMzgiLCJpc0FjdGl2ZSI6dHJ1ZX1dfQ.Dss-MbYhboTfRO49zV2P4FnNa9GWsZj8cR_m4gU4iEs,34038
eyJhbGciOiJIUzI1NiIsInR5cCI6IkpXVCJ9.eyJpc3MiOiJnYXRld2F5IiwidXNlciI6eyJzdHVkZW50SWQiOiIzNDAzOSIsImZpcnN0TmFtZSI6IkphbWVzIiwibGFzdE5hbWUiOiJLaW0iLCJpZCI6IjM0MDM5IiwicHJvdmlkZXIiOiJnb29nbGUiLCJlbWFpbCI6InBlcmZ0ZXN0MUBtYWlsaWF0b3IuY29tIn0sImV4cCI6MTUxNDY4MjA2MSwiYXBwSWQiOiJhdG9tLndlYiIsImlhdCI6MTUwNDAxNzEwNCwicmVzb3VyY2VzIjpbeyJ1cm4iOiJRQVRFU1RPRCIsImlzQWN0aXZlIjp0cnVlfSx7InVybiI6IjM0MDM5IiwiaXNBY3RpdmUiOnRydWV9LHsidXJuIjoiMzQwMzkiLCJpc0FjdGl2ZSI6dHJ1ZX1dfQ.HIpDqgfBYYeNmSMJmGY_3ndXzTw6XPDSTWwgBBxszm8,34039
eyJhbGciOiJIUzI1NiIsInR5cCI6IkpXVCJ9.eyJpc3MiOiJnYXRld2F5IiwidXNlciI6eyJzdHVkZW50SWQiOiIzNDA0MCIsImZpcnN0TmFtZSI6IkphbWVzIiwibGFzdE5hbWUiOiJLaW0iLCJpZCI6IjM0MDQwIiwicHJvdmlkZXIiOiJnb29nbGUiLCJlbWFpbCI6InBlcmZ0ZXN0MUBtYWlsaWF0b3IuY29tIn0sImV4cCI6MTUxNDY4MjA2MSwiYXBwSWQiOiJhdG9tLndlYiIsImlhdCI6MTUwNDAxNzEwNCwicmVzb3VyY2VzIjpbeyJ1cm4iOiJRQVRFU1RPRCIsImlzQWN0aXZlIjp0cnVlfSx7InVybiI6IjM0MDQwIiwiaXNBY3RpdmUiOnRydWV9LHsidXJuIjoiMzQwNDAiLCJpc0FjdGl2ZSI6dHJ1ZX1dfQ.8zPXQY9qHhe2UoKDqt1t_tv9AuSj2QYwTRb5XGZZrAs,34040
eyJhbGciOiJIUzI1NiIsInR5cCI6IkpXVCJ9.eyJpc3MiOiJnYXRld2F5IiwidXNlciI6eyJzdHVkZW50SWQiOiIzNDA0MSIsImZpcnN0TmFtZSI6IkphbWVzIiwibGFzdE5hbWUiOiJLaW0iLCJpZCI6IjM0MDQxIiwicHJvdmlkZXIiOiJnb29nbGUiLCJlbWFpbCI6InBlcmZ0ZXN0MUBtYWlsaWF0b3IuY29tIn0sImV4cCI6MTUxNDY4MjA2MSwiYXBwSWQiOiJhdG9tLndlYiIsImlhdCI6MTUwNDAxNzEwNCwicmVzb3VyY2VzIjpbeyJ1cm4iOiJRQVRFU1RPRCIsImlzQWN0aXZlIjp0cnVlfSx7InVybiI6IjM0MDQxIiwiaXNBY3RpdmUiOnRydWV9LHsidXJuIjoiMzQwNDEiLCJpc0FjdGl2ZSI6dHJ1ZX1dfQ.RfduR7qGCYTD6fqv_gTzl8pOEKz90jVnzrshmsm_NBQ,34041
eyJhbGciOiJIUzI1NiIsInR5cCI6IkpXVCJ9.eyJpc3MiOiJnYXRld2F5IiwidXNlciI6eyJzdHVkZW50SWQiOiIzNDA0MiIsImZpcnN0TmFtZSI6IkphbWVzIiwibGFzdE5hbWUiOiJLaW0iLCJpZCI6IjM0MDQyIiwicHJvdmlkZXIiOiJnb29nbGUiLCJlbWFpbCI6InBlcmZ0ZXN0MUBtYWlsaWF0b3IuY29tIn0sImV4cCI6MTUxNDY4MjA2MSwiYXBwSWQiOiJhdG9tLndlYiIsImlhdCI6MTUwNDAxNzEwNCwicmVzb3VyY2VzIjpbeyJ1cm4iOiJRQVRFU1RPRCIsImlzQWN0aXZlIjp0cnVlfSx7InVybiI6IjM0MDQyIiwiaXNBY3RpdmUiOnRydWV9LHsidXJuIjoiMzQwNDIiLCJpc0FjdGl2ZSI6dHJ1ZX1dfQ.sJW0L6-SBOvAPGEcfZM1ZbpyZith_nR5G1a92oK11cg,34042
eyJhbGciOiJIUzI1NiIsInR5cCI6IkpXVCJ9.eyJpc3MiOiJnYXRld2F5IiwidXNlciI6eyJzdHVkZW50SWQiOiIzNDA0MyIsImZpcnN0TmFtZSI6IkphbWVzIiwibGFzdE5hbWUiOiJLaW0iLCJpZCI6IjM0MDQzIiwicHJvdmlkZXIiOiJnb29nbGUiLCJlbWFpbCI6InBlcmZ0ZXN0MUBtYWlsaWF0b3IuY29tIn0sImV4cCI6MTUxNDY4MjA2MSwiYXBwSWQiOiJhdG9tLndlYiIsImlhdCI6MTUwNDAxNzEwNCwicmVzb3VyY2VzIjpbeyJ1cm4iOiJRQVRFU1RPRCIsImlzQWN0aXZlIjp0cnVlfSx7InVybiI6IjM0MDQzIiwiaXNBY3RpdmUiOnRydWV9LHsidXJuIjoiMzQwNDMiLCJpc0FjdGl2ZSI6dHJ1ZX1dfQ.M53ICJZbyTfGh26DZkiOyNCgqGj3wsCc8rZEdkcGn3Y,34043
eyJhbGciOiJIUzI1NiIsInR5cCI6IkpXVCJ9.eyJpc3MiOiJnYXRld2F5IiwidXNlciI6eyJzdHVkZW50SWQiOiIzNDA0NCIsImZpcnN0TmFtZSI6IkphbWVzIiwibGFzdE5hbWUiOiJLaW0iLCJpZCI6IjM0MDQ0IiwicHJvdmlkZXIiOiJnb29nbGUiLCJlbWFpbCI6InBlcmZ0ZXN0MUBtYWlsaWF0b3IuY29tIn0sImV4cCI6MTUxNDY4MjA2MSwiYXBwSWQiOiJhdG9tLndlYiIsImlhdCI6MTUwNDAxNzEwNCwicmVzb3VyY2VzIjpbeyJ1cm4iOiJRQVRFU1RPRCIsImlzQWN0aXZlIjp0cnVlfSx7InVybiI6IjM0MDQ0IiwiaXNBY3RpdmUiOnRydWV9LHsidXJuIjoiMzQwNDQiLCJpc0FjdGl2ZSI6dHJ1ZX1dfQ.BRRF7XhSphEC55ZgKoNIFRoUFaaAs6SRPEvEcOBVISg,34044
eyJhbGciOiJIUzI1NiIsInR5cCI6IkpXVCJ9.eyJpc3MiOiJnYXRld2F5IiwidXNlciI6eyJzdHVkZW50SWQiOiIzNDA0NSIsImZpcnN0TmFtZSI6IkphbWVzIiwibGFzdE5hbWUiOiJLaW0iLCJpZCI6IjM0MDQ1IiwicHJvdmlkZXIiOiJnb29nbGUiLCJlbWFpbCI6InBlcmZ0ZXN0MUBtYWlsaWF0b3IuY29tIn0sImV4cCI6MTUxNDY4MjA2MSwiYXBwSWQiOiJhdG9tLndlYiIsImlhdCI6MTUwNDAxNzEwNCwicmVzb3VyY2VzIjpbeyJ1cm4iOiJRQVRFU1RPRCIsImlzQWN0aXZlIjp0cnVlfSx7InVybiI6IjM0MDQ1IiwiaXNBY3RpdmUiOnRydWV9LHsidXJuIjoiMzQwNDUiLCJpc0FjdGl2ZSI6dHJ1ZX1dfQ.BxhbzR9m2Y5lfySqjkPqAhKxcGTwWlriGaOqSdGj7DI,34045
eyJhbGciOiJIUzI1NiIsInR5cCI6IkpXVCJ9.eyJpc3MiOiJnYXRld2F5IiwidXNlciI6eyJzdHVkZW50SWQiOiIzNDA0NiIsImZpcnN0TmFtZSI6IkphbWVzIiwibGFzdE5hbWUiOiJLaW0iLCJpZCI6IjM0MDQ2IiwicHJvdmlkZXIiOiJnb29nbGUiLCJlbWFpbCI6InBlcmZ0ZXN0MUBtYWlsaWF0b3IuY29tIn0sImV4cCI6MTUxNDY4MjA2MSwiYXBwSWQiOiJhdG9tLndlYiIsImlhdCI6MTUwNDAxNzEwNCwicmVzb3VyY2VzIjpbeyJ1cm4iOiJRQVRFU1RPRCIsImlzQWN0aXZlIjp0cnVlfSx7InVybiI6IjM0MDQ2IiwiaXNBY3RpdmUiOnRydWV9LHsidXJuIjoiMzQwNDYiLCJpc0FjdGl2ZSI6dHJ1ZX1dfQ.dsCKu0DEY6VpUlrNh08MQhgiGQjDRTSLXcgeHccLNYU,34046
eyJhbGciOiJIUzI1NiIsInR5cCI6IkpXVCJ9.eyJpc3MiOiJnYXRld2F5IiwidXNlciI6eyJzdHVkZW50SWQiOiIzNDA0NyIsImZpcnN0TmFtZSI6IkphbWVzIiwibGFzdE5hbWUiOiJLaW0iLCJpZCI6IjM0MDQ3IiwicHJvdmlkZXIiOiJnb29nbGUiLCJlbWFpbCI6InBlcmZ0ZXN0MUBtYWlsaWF0b3IuY29tIn0sImV4cCI6MTUxNDY4MjA2MSwiYXBwSWQiOiJhdG9tLndlYiIsImlhdCI6MTUwNDAxNzEwNCwicmVzb3VyY2VzIjpbeyJ1cm4iOiJRQVRFU1RPRCIsImlzQWN0aXZlIjp0cnVlfSx7InVybiI6IjM0MDQ3IiwiaXNBY3RpdmUiOnRydWV9LHsidXJuIjoiMzQwNDciLCJpc0FjdGl2ZSI6dHJ1ZX1dfQ.N-9atTrqpCM1Hepk7HAR3lCVjs5gBYoMkFSJxYkR0sA,34047
eyJhbGciOiJIUzI1NiIsInR5cCI6IkpXVCJ9.eyJpc3MiOiJnYXRld2F5IiwidXNlciI6eyJzdHVkZW50SWQiOiIzNDA0OCIsImZpcnN0TmFtZSI6IkphbWVzIiwibGFzdE5hbWUiOiJLaW0iLCJpZCI6IjM0MDQ4IiwicHJvdmlkZXIiOiJnb29nbGUiLCJlbWFpbCI6InBlcmZ0ZXN0MUBtYWlsaWF0b3IuY29tIn0sImV4cCI6MTUxNDY4MjA2MSwiYXBwSWQiOiJhdG9tLndlYiIsImlhdCI6MTUwNDAxNzEwNCwicmVzb3VyY2VzIjpbeyJ1cm4iOiJRQVRFU1RPRCIsImlzQWN0aXZlIjp0cnVlfSx7InVybiI6IjM0MDQ4IiwiaXNBY3RpdmUiOnRydWV9LHsidXJuIjoiMzQwNDgiLCJpc0FjdGl2ZSI6dHJ1ZX1dfQ.lMdqs0ZNIzJ-polLcZqEaGx6qB5f2mUPl3H1uirdCpk,34048
eyJhbGciOiJIUzI1NiIsInR5cCI6IkpXVCJ9.eyJpc3MiOiJnYXRld2F5IiwidXNlciI6eyJzdHVkZW50SWQiOiIzNDA0OSIsImZpcnN0TmFtZSI6IkphbWVzIiwibGFzdE5hbWUiOiJLaW0iLCJpZCI6IjM0MDQ5IiwicHJvdmlkZXIiOiJnb29nbGUiLCJlbWFpbCI6InBlcmZ0ZXN0MUBtYWlsaWF0b3IuY29tIn0sImV4cCI6MTUxNDY4MjA2MSwiYXBwSWQiOiJhdG9tLndlYiIsImlhdCI6MTUwNDAxNzEwNCwicmVzb3VyY2VzIjpbeyJ1cm4iOiJRQVRFU1RPRCIsImlzQWN0aXZlIjp0cnVlfSx7InVybiI6IjM0MDQ5IiwiaXNBY3RpdmUiOnRydWV9LHsidXJuIjoiMzQwNDkiLCJpc0FjdGl2ZSI6dHJ1ZX1dfQ.YZ0uhf9AMJW7rQqyh7-goJrsnf9FtMGkPHvRPR-3ofM,34049
eyJhbGciOiJIUzI1NiIsInR5cCI6IkpXVCJ9.eyJpc3MiOiJnYXRld2F5IiwidXNlciI6eyJzdHVkZW50SWQiOiIzNDA1MCIsImZpcnN0TmFtZSI6IkphbWVzIiwibGFzdE5hbWUiOiJLaW0iLCJpZCI6IjM0MDUwIiwicHJvdmlkZXIiOiJnb29nbGUiLCJlbWFpbCI6InBlcmZ0ZXN0MUBtYWlsaWF0b3IuY29tIn0sImV4cCI6MTUxNDY4MjA2MSwiYXBwSWQiOiJhdG9tLndlYiIsImlhdCI6MTUwNDAxNzEwNCwicmVzb3VyY2VzIjpbeyJ1cm4iOiJRQVRFU1RPRCIsImlzQWN0aXZlIjp0cnVlfSx7InVybiI6IjM0MDUwIiwiaXNBY3RpdmUiOnRydWV9LHsidXJuIjoiMzQwNTAiLCJpc0FjdGl2ZSI6dHJ1ZX1dfQ.D1_gc3l2vNtSLPt1CBRD_PM2eR4BZZfmNz1fMe6Ju3o,34050
eyJhbGciOiJIUzI1NiIsInR5cCI6IkpXVCJ9.eyJpc3MiOiJnYXRld2F5IiwidXNlciI6eyJzdHVkZW50SWQiOiIzNDA1MSIsImZpcnN0TmFtZSI6IkphbWVzIiwibGFzdE5hbWUiOiJLaW0iLCJpZCI6IjM0MDUxIiwicHJvdmlkZXIiOiJnb29nbGUiLCJlbWFpbCI6InBlcmZ0ZXN0MUBtYWlsaWF0b3IuY29tIn0sImV4cCI6MTUxNDY4MjA2MSwiYXBwSWQiOiJhdG9tLndlYiIsImlhdCI6MTUwNDAxNzEwNCwicmVzb3VyY2VzIjpbeyJ1cm4iOiJRQVRFU1RPRCIsImlzQWN0aXZlIjp0cnVlfSx7InVybiI6IjM0MDUxIiwiaXNBY3RpdmUiOnRydWV9LHsidXJuIjoiMzQwNTEiLCJpc0FjdGl2ZSI6dHJ1ZX1dfQ.qLK7teJl3a4kLFn5jZlzWw6LPj6x1b1iszXRMCZ75dI,34051
eyJhbGciOiJIUzI1NiIsInR5cCI6IkpXVCJ9.eyJpc3MiOiJnYXRld2F5IiwidXNlciI6eyJzdHVkZW50SWQiOiIzNDA1MiIsImZpcnN0TmFtZSI6IkphbWVzIiwibGFzdE5hbWUiOiJLaW0iLCJpZCI6IjM0MDUyIiwicHJvdmlkZXIiOiJnb29nbGUiLCJlbWFpbCI6InBlcmZ0ZXN0MUBtYWlsaWF0b3IuY29tIn0sImV4cCI6MTUxNDY4MjA2MSwiYXBwSWQiOiJhdG9tLndlYiIsImlhdCI6MTUwNDAxNzEwNCwicmVzb3VyY2VzIjpbeyJ1cm4iOiJRQVRFU1RPRCIsImlzQWN0aXZlIjp0cnVlfSx7InVybiI6IjM0MDUyIiwiaXNBY3RpdmUiOnRydWV9LHsidXJuIjoiMzQwNTIiLCJpc0FjdGl2ZSI6dHJ1ZX1dfQ.h8JWgtchSsK-cnwedgiMvB_W0FALGjyNAJ3Mltym0vo,34052
eyJhbGciOiJIUzI1NiIsInR5cCI6IkpXVCJ9.eyJpc3MiOiJnYXRld2F5IiwidXNlciI6eyJzdHVkZW50SWQiOiIzNDA1MyIsImZpcnN0TmFtZSI6IkphbWVzIiwibGFzdE5hbWUiOiJLaW0iLCJpZCI6IjM0MDUzIiwicHJvdmlkZXIiOiJnb29nbGUiLCJlbWFpbCI6InBlcmZ0ZXN0MUBtYWlsaWF0b3IuY29tIn0sImV4cCI6MTUxNDY4MjA2MSwiYXBwSWQiOiJhdG9tLndlYiIsImlhdCI6MTUwNDAxNzEwNCwicmVzb3VyY2VzIjpbeyJ1cm4iOiJRQVRFU1RPRCIsImlzQWN0aXZlIjp0cnVlfSx7InVybiI6IjM0MDUzIiwiaXNBY3RpdmUiOnRydWV9LHsidXJuIjoiMzQwNTMiLCJpc0FjdGl2ZSI6dHJ1ZX1dfQ.EmSw42KyBWC7lUfXt0_vAr1Dj2t7Vn1LBg_-AGhwsVU,34053
eyJhbGciOiJIUzI1NiIsInR5cCI6IkpXVCJ9.eyJpc3MiOiJnYXRld2F5IiwidXNlciI6eyJzdHVkZW50SWQiOiIzNDA1NCIsImZpcnN0TmFtZSI6IkphbWVzIiwibGFzdE5hbWUiOiJLaW0iLCJpZCI6IjM0MDU0IiwicHJvdmlkZXIiOiJnb29nbGUiLCJlbWFpbCI6InBlcmZ0ZXN0MUBtYWlsaWF0b3IuY29tIn0sImV4cCI6MTUxNDY4MjA2MSwiYXBwSWQiOiJhdG9tLndlYiIsImlhdCI6MTUwNDAxNzEwNCwicmVzb3VyY2VzIjpbeyJ1cm4iOiJRQVRFU1RPRCIsImlzQWN0aXZlIjp0cnVlfSx7InVybiI6IjM0MDU0IiwiaXNBY3RpdmUiOnRydWV9LHsidXJuIjoiMzQwNTQiLCJpc0FjdGl2ZSI6dHJ1ZX1dfQ.LdcWrB5vOvWO7wBTMOKVzmqvCWWU9C4wbXPc8Z9lZbY,34054
eyJhbGciOiJIUzI1NiIsInR5cCI6IkpXVCJ9.eyJpc3MiOiJnYXRld2F5IiwidXNlciI6eyJzdHVkZW50SWQiOiIzNDA1NSIsImZpcnN0TmFtZSI6IkphbWVzIiwibGFzdE5hbWUiOiJLaW0iLCJpZCI6IjM0MDU1IiwicHJvdmlkZXIiOiJnb29nbGUiLCJlbWFpbCI6InBlcmZ0ZXN0MUBtYWlsaWF0b3IuY29tIn0sImV4cCI6MTUxNDY4MjA2MSwiYXBwSWQiOiJhdG9tLndlYiIsImlhdCI6MTUwNDAxNzEwNCwicmVzb3VyY2VzIjpbeyJ1cm4iOiJRQVRFU1RPRCIsImlzQWN0aXZlIjp0cnVlfSx7InVybiI6IjM0MDU1IiwiaXNBY3RpdmUiOnRydWV9LHsidXJuIjoiMzQwNTUiLCJpc0FjdGl2ZSI6dHJ1ZX1dfQ.Jq8YC73-09EtzR-G-hyzhsrzeUHhtoIGEbdC6K1lZw4,34055
eyJhbGciOiJIUzI1NiIsInR5cCI6IkpXVCJ9.eyJpc3MiOiJnYXRld2F5IiwidXNlciI6eyJzdHVkZW50SWQiOiIzNDA1NiIsImZpcnN0TmFtZSI6IkphbWVzIiwibGFzdE5hbWUiOiJLaW0iLCJpZCI6IjM0MDU2IiwicHJvdmlkZXIiOiJnb29nbGUiLCJlbWFpbCI6InBlcmZ0ZXN0MUBtYWlsaWF0b3IuY29tIn0sImV4cCI6MTUxNDY4MjA2MSwiYXBwSWQiOiJhdG9tLndlYiIsImlhdCI6MTUwNDAxNzEwNCwicmVzb3VyY2VzIjpbeyJ1cm4iOiJRQVRFU1RPRCIsImlzQWN0aXZlIjp0cnVlfSx7InVybiI6IjM0MDU2IiwiaXNBY3RpdmUiOnRydWV9LHsidXJuIjoiMzQwNTYiLCJpc0FjdGl2ZSI6dHJ1ZX1dfQ.ev0gultqoQv6n0Uy2Ri15nAyWUtjlTpXV_mGHaMzD6s,34056
eyJhbGciOiJIUzI1NiIsInR5cCI6IkpXVCJ9.eyJpc3MiOiJnYXRld2F5IiwidXNlciI6eyJzdHVkZW50SWQiOiIzNDA1NyIsImZpcnN0TmFtZSI6IkphbWVzIiwibGFzdE5hbWUiOiJLaW0iLCJpZCI6IjM0MDU3IiwicHJvdmlkZXIiOiJnb29nbGUiLCJlbWFpbCI6InBlcmZ0ZXN0MUBtYWlsaWF0b3IuY29tIn0sImV4cCI6MTUxNDY4MjA2MSwiYXBwSWQiOiJhdG9tLndlYiIsImlhdCI6MTUwNDAxNzEwNCwicmVzb3VyY2VzIjpbeyJ1cm4iOiJRQVRFU1RPRCIsImlzQWN0aXZlIjp0cnVlfSx7InVybiI6IjM0MDU3IiwiaXNBY3RpdmUiOnRydWV9LHsidXJuIjoiMzQwNTciLCJpc0FjdGl2ZSI6dHJ1ZX1dfQ.UfNKAbrUB1NeCZbg5Kg7v073E4d4DzdinymKmSwZljI,34057
eyJhbGciOiJIUzI1NiIsInR5cCI6IkpXVCJ9.eyJpc3MiOiJnYXRld2F5IiwidXNlciI6eyJzdHVkZW50SWQiOiIzNDA1OCIsImZpcnN0TmFtZSI6IkphbWVzIiwibGFzdE5hbWUiOiJLaW0iLCJpZCI6IjM0MDU4IiwicHJvdmlkZXIiOiJnb29nbGUiLCJlbWFpbCI6InBlcmZ0ZXN0MUBtYWlsaWF0b3IuY29tIn0sImV4cCI6MTUxNDY4MjA2MSwiYXBwSWQiOiJhdG9tLndlYiIsImlhdCI6MTUwNDAxNzEwNCwicmVzb3VyY2VzIjpbeyJ1cm4iOiJRQVRFU1RPRCIsImlzQWN0aXZlIjp0cnVlfSx7InVybiI6IjM0MDU4IiwiaXNBY3RpdmUiOnRydWV9LHsidXJuIjoiMzQwNTgiLCJpc0FjdGl2ZSI6dHJ1ZX1dfQ.lSTQGVFkNRNywsqDDFTDLiJefCnU3fc0tfOZdsi4O1E,34058
eyJhbGciOiJIUzI1NiIsInR5cCI6IkpXVCJ9.eyJpc3MiOiJnYXRld2F5IiwidXNlciI6eyJzdHVkZW50SWQiOiIzNDA1OSIsImZpcnN0TmFtZSI6IkphbWVzIiwibGFzdE5hbWUiOiJLaW0iLCJpZCI6IjM0MDU5IiwicHJvdmlkZXIiOiJnb29nbGUiLCJlbWFpbCI6InBlcmZ0ZXN0MUBtYWlsaWF0b3IuY29tIn0sImV4cCI6MTUxNDY4MjA2MSwiYXBwSWQiOiJhdG9tLndlYiIsImlhdCI6MTUwNDAxNzEwNCwicmVzb3VyY2VzIjpbeyJ1cm4iOiJRQVRFU1RPRCIsImlzQWN0aXZlIjp0cnVlfSx7InVybiI6IjM0MDU5IiwiaXNBY3RpdmUiOnRydWV9LHsidXJuIjoiMzQwNTkiLCJpc0FjdGl2ZSI6dHJ1ZX1dfQ.my09Wk-7euBQDjuA3ujttdi_9GT3VntedfNcnz7NSVA,34059
eyJhbGciOiJIUzI1NiIsInR5cCI6IkpXVCJ9.eyJpc3MiOiJnYXRld2F5IiwidXNlciI6eyJzdHVkZW50SWQiOiIzNDA2MCIsImZpcnN0TmFtZSI6IkphbWVzIiwibGFzdE5hbWUiOiJLaW0iLCJpZCI6IjM0MDYwIiwicHJvdmlkZXIiOiJnb29nbGUiLCJlbWFpbCI6InBlcmZ0ZXN0MUBtYWlsaWF0b3IuY29tIn0sImV4cCI6MTUxNDY4MjA2MSwiYXBwSWQiOiJhdG9tLndlYiIsImlhdCI6MTUwNDAxNzEwNCwicmVzb3VyY2VzIjpbeyJ1cm4iOiJRQVRFU1RPRCIsImlzQWN0aXZlIjp0cnVlfSx7InVybiI6IjM0MDYwIiwiaXNBY3RpdmUiOnRydWV9LHsidXJuIjoiMzQwNjAiLCJpc0FjdGl2ZSI6dHJ1ZX1dfQ.LFXgStrgssG2YwjmztGk5KzeW2mV3pqyn5hktC5Ucjc,34060
eyJhbGciOiJIUzI1NiIsInR5cCI6IkpXVCJ9.eyJpc3MiOiJnYXRld2F5IiwidXNlciI6eyJzdHVkZW50SWQiOiIzNDA2MSIsImZpcnN0TmFtZSI6IkphbWVzIiwibGFzdE5hbWUiOiJLaW0iLCJpZCI6IjM0MDYxIiwicHJvdmlkZXIiOiJnb29nbGUiLCJlbWFpbCI6InBlcmZ0ZXN0MUBtYWlsaWF0b3IuY29tIn0sImV4cCI6MTUxNDY4MjA2MSwiYXBwSWQiOiJhdG9tLndlYiIsImlhdCI6MTUwNDAxNzEwNCwicmVzb3VyY2VzIjpbeyJ1cm4iOiJRQVRFU1RPRCIsImlzQWN0aXZlIjp0cnVlfSx7InVybiI6IjM0MDYxIiwiaXNBY3RpdmUiOnRydWV9LHsidXJuIjoiMzQwNjEiLCJpc0FjdGl2ZSI6dHJ1ZX1dfQ.4XK46RrWF4aEK7yNiO5p6L1pdKy67mBSU3XX4uzLkdk,34061
eyJhbGciOiJIUzI1NiIsInR5cCI6IkpXVCJ9.eyJpc3MiOiJnYXRld2F5IiwidXNlciI6eyJzdHVkZW50SWQiOiIzNDA2MiIsImZpcnN0TmFtZSI6IkphbWVzIiwibGFzdE5hbWUiOiJLaW0iLCJpZCI6IjM0MDYyIiwicHJvdmlkZXIiOiJnb29nbGUiLCJlbWFpbCI6InBlcmZ0ZXN0MUBtYWlsaWF0b3IuY29tIn0sImV4cCI6MTUxNDY4MjA2MSwiYXBwSWQiOiJhdG9tLndlYiIsImlhdCI6MTUwNDAxNzEwNCwicmVzb3VyY2VzIjpbeyJ1cm4iOiJRQVRFU1RPRCIsImlzQWN0aXZlIjp0cnVlfSx7InVybiI6IjM0MDYyIiwiaXNBY3RpdmUiOnRydWV9LHsidXJuIjoiMzQwNjIiLCJpc0FjdGl2ZSI6dHJ1ZX1dfQ.wLlQHEJ-OI3PATRxW8KM3aLnOkui5UZ4kbWWcvDcc7k,34062
eyJhbGciOiJIUzI1NiIsInR5cCI6IkpXVCJ9.eyJpc3MiOiJnYXRld2F5IiwidXNlciI6eyJzdHVkZW50SWQiOiIzNDA2MyIsImZpcnN0TmFtZSI6IkphbWVzIiwibGFzdE5hbWUiOiJLaW0iLCJpZCI6IjM0MDYzIiwicHJvdmlkZXIiOiJnb29nbGUiLCJlbWFpbCI6InBlcmZ0ZXN0MUBtYWlsaWF0b3IuY29tIn0sImV4cCI6MTUxNDY4MjA2MSwiYXBwSWQiOiJhdG9tLndlYiIsImlhdCI6MTUwNDAxNzEwNCwicmVzb3VyY2VzIjpbeyJ1cm4iOiJRQVRFU1RPRCIsImlzQWN0aXZlIjp0cnVlfSx7InVybiI6IjM0MDYzIiwiaXNBY3RpdmUiOnRydWV9LHsidXJuIjoiMzQwNjMiLCJpc0FjdGl2ZSI6dHJ1ZX1dfQ.9pCWAHV3z8CS6ZlO7XrRkNEg9i3TfmBMyAzi9Nx7BFA,34063
eyJhbGciOiJIUzI1NiIsInR5cCI6IkpXVCJ9.eyJpc3MiOiJnYXRld2F5IiwidXNlciI6eyJzdHVkZW50SWQiOiIzNDA2NCIsImZpcnN0TmFtZSI6IkphbWVzIiwibGFzdE5hbWUiOiJLaW0iLCJpZCI6IjM0MDY0IiwicHJvdmlkZXIiOiJnb29nbGUiLCJlbWFpbCI6InBlcmZ0ZXN0MUBtYWlsaWF0b3IuY29tIn0sImV4cCI6MTUxNDY4MjA2MSwiYXBwSWQiOiJhdG9tLndlYiIsImlhdCI6MTUwNDAxNzEwNCwicmVzb3VyY2VzIjpbeyJ1cm4iOiJRQVRFU1RPRCIsImlzQWN0aXZlIjp0cnVlfSx7InVybiI6IjM0MDY0IiwiaXNBY3RpdmUiOnRydWV9LHsidXJuIjoiMzQwNjQiLCJpc0FjdGl2ZSI6dHJ1ZX1dfQ.uyj_ebY-a5bMKZVSr-TiE9QPo00Pg62kfAhRiNxLtvc,34064
eyJhbGciOiJIUzI1NiIsInR5cCI6IkpXVCJ9.eyJpc3MiOiJnYXRld2F5IiwidXNlciI6eyJzdHVkZW50SWQiOiIzNDA2NSIsImZpcnN0TmFtZSI6IkphbWVzIiwibGFzdE5hbWUiOiJLaW0iLCJpZCI6IjM0MDY1IiwicHJvdmlkZXIiOiJnb29nbGUiLCJlbWFpbCI6InBlcmZ0ZXN0MUBtYWlsaWF0b3IuY29tIn0sImV4cCI6MTUxNDY4MjA2MSwiYXBwSWQiOiJhdG9tLndlYiIsImlhdCI6MTUwNDAxNzEwNCwicmVzb3VyY2VzIjpbeyJ1cm4iOiJRQVRFU1RPRCIsImlzQWN0aXZlIjp0cnVlfSx7InVybiI6IjM0MDY1IiwiaXNBY3RpdmUiOnRydWV9LHsidXJuIjoiMzQwNjUiLCJpc0FjdGl2ZSI6dHJ1ZX1dfQ.H9TRpDkHBIApDSVF2PEvj3Pnla7FO25oMWhfgB6POHQ,34065
eyJhbGciOiJIUzI1NiIsInR5cCI6IkpXVCJ9.eyJpc3MiOiJnYXRld2F5IiwidXNlciI6eyJzdHVkZW50SWQiOiIzNDA2NiIsImZpcnN0TmFtZSI6IkphbWVzIiwibGFzdE5hbWUiOiJLaW0iLCJpZCI6IjM0MDY2IiwicHJvdmlkZXIiOiJnb29nbGUiLCJlbWFpbCI6InBlcmZ0ZXN0MUBtYWlsaWF0b3IuY29tIn0sImV4cCI6MTUxNDY4MjA2MSwiYXBwSWQiOiJhdG9tLndlYiIsImlhdCI6MTUwNDAxNzEwNCwicmVzb3VyY2VzIjpbeyJ1cm4iOiJRQVRFU1RPRCIsImlzQWN0aXZlIjp0cnVlfSx7InVybiI6IjM0MDY2IiwiaXNBY3RpdmUiOnRydWV9LHsidXJuIjoiMzQwNjYiLCJpc0FjdGl2ZSI6dHJ1ZX1dfQ.t_Qki0cO7dj6-XEHxVrHsYL8rGk8noDTGycc431F3jg,34066
eyJhbGciOiJIUzI1NiIsInR5cCI6IkpXVCJ9.eyJpc3MiOiJnYXRld2F5IiwidXNlciI6eyJzdHVkZW50SWQiOiIzNDA2NyIsImZpcnN0TmFtZSI6IkphbWVzIiwibGFzdE5hbWUiOiJLaW0iLCJpZCI6IjM0MDY3IiwicHJvdmlkZXIiOiJnb29nbGUiLCJlbWFpbCI6InBlcmZ0ZXN0MUBtYWlsaWF0b3IuY29tIn0sImV4cCI6MTUxNDY4MjA2MSwiYXBwSWQiOiJhdG9tLndlYiIsImlhdCI6MTUwNDAxNzEwNCwicmVzb3VyY2VzIjpbeyJ1cm4iOiJRQVRFU1RPRCIsImlzQWN0aXZlIjp0cnVlfSx7InVybiI6IjM0MDY3IiwiaXNBY3RpdmUiOnRydWV9LHsidXJuIjoiMzQwNjciLCJpc0FjdGl2ZSI6dHJ1ZX1dfQ.kD_q52feTbEHZ9PBHzFi35omwV2iYs9VVIR7MZUw3pA,34067
eyJhbGciOiJIUzI1NiIsInR5cCI6IkpXVCJ9.eyJpc3MiOiJnYXRld2F5IiwidXNlciI6eyJzdHVkZW50SWQiOiIzNDA2OCIsImZpcnN0TmFtZSI6IkphbWVzIiwibGFzdE5hbWUiOiJLaW0iLCJpZCI6IjM0MDY4IiwicHJvdmlkZXIiOiJnb29nbGUiLCJlbWFpbCI6InBlcmZ0ZXN0MUBtYWlsaWF0b3IuY29tIn0sImV4cCI6MTUxNDY4MjA2MSwiYXBwSWQiOiJhdG9tLndlYiIsImlhdCI6MTUwNDAxNzEwNCwicmVzb3VyY2VzIjpbeyJ1cm4iOiJRQVRFU1RPRCIsImlzQWN0aXZlIjp0cnVlfSx7InVybiI6IjM0MDY4IiwiaXNBY3RpdmUiOnRydWV9LHsidXJuIjoiMzQwNjgiLCJpc0FjdGl2ZSI6dHJ1ZX1dfQ.XAUDWPEKtYc0wwBa3XMxGvrrG-QH1P1ON4KV8as7x_o,34068
eyJhbGciOiJIUzI1NiIsInR5cCI6IkpXVCJ9.eyJpc3MiOiJnYXRld2F5IiwidXNlciI6eyJzdHVkZW50SWQiOiIzNDA2OSIsImZpcnN0TmFtZSI6IkphbWVzIiwibGFzdE5hbWUiOiJLaW0iLCJpZCI6IjM0MDY5IiwicHJvdmlkZXIiOiJnb29nbGUiLCJlbWFpbCI6InBlcmZ0ZXN0MUBtYWlsaWF0b3IuY29tIn0sImV4cCI6MTUxNDY4MjA2MSwiYXBwSWQiOiJhdG9tLndlYiIsImlhdCI6MTUwNDAxNzEwNCwicmVzb3VyY2VzIjpbeyJ1cm4iOiJRQVRFU1RPRCIsImlzQWN0aXZlIjp0cnVlfSx7InVybiI6IjM0MDY5IiwiaXNBY3RpdmUiOnRydWV9LHsidXJuIjoiMzQwNjkiLCJpc0FjdGl2ZSI6dHJ1ZX1dfQ.iUPDd9nMi8AXM5iADyhOEEKzR2TSIRrPiWsY9N5CuOg,34069
eyJhbGciOiJIUzI1NiIsInR5cCI6IkpXVCJ9.eyJpc3MiOiJnYXRld2F5IiwidXNlciI6eyJzdHVkZW50SWQiOiIzNDA3MCIsImZpcnN0TmFtZSI6IkphbWVzIiwibGFzdE5hbWUiOiJLaW0iLCJpZCI6IjM0MDcwIiwicHJvdmlkZXIiOiJnb29nbGUiLCJlbWFpbCI6InBlcmZ0ZXN0MUBtYWlsaWF0b3IuY29tIn0sImV4cCI6MTUxNDY4MjA2MSwiYXBwSWQiOiJhdG9tLndlYiIsImlhdCI6MTUwNDAxNzEwNCwicmVzb3VyY2VzIjpbeyJ1cm4iOiJRQVRFU1RPRCIsImlzQWN0aXZlIjp0cnVlfSx7InVybiI6IjM0MDcwIiwiaXNBY3RpdmUiOnRydWV9LHsidXJuIjoiMzQwNzAiLCJpc0FjdGl2ZSI6dHJ1ZX1dfQ.McKb4FYygagdHgECrRoBAp98bXJ1_i_4kqw319vUnkI,34070
eyJhbGciOiJIUzI1NiIsInR5cCI6IkpXVCJ9.eyJpc3MiOiJnYXRld2F5IiwidXNlciI6eyJzdHVkZW50SWQiOiIzNDA3MSIsImZpcnN0TmFtZSI6IkphbWVzIiwibGFzdE5hbWUiOiJLaW0iLCJpZCI6IjM0MDcxIiwicHJvdmlkZXIiOiJnb29nbGUiLCJlbWFpbCI6InBlcmZ0ZXN0MUBtYWlsaWF0b3IuY29tIn0sImV4cCI6MTUxNDY4MjA2MSwiYXBwSWQiOiJhdG9tLndlYiIsImlhdCI6MTUwNDAxNzEwNCwicmVzb3VyY2VzIjpbeyJ1cm4iOiJRQVRFU1RPRCIsImlzQWN0aXZlIjp0cnVlfSx7InVybiI6IjM0MDcxIiwiaXNBY3RpdmUiOnRydWV9LHsidXJuIjoiMzQwNzEiLCJpc0FjdGl2ZSI6dHJ1ZX1dfQ.C0fKWOLFln-HVQk3WXw7O7ezZaa_u9McmN0Z8HIPgyQ,34071
eyJhbGciOiJIUzI1NiIsInR5cCI6IkpXVCJ9.eyJpc3MiOiJnYXRld2F5IiwidXNlciI6eyJzdHVkZW50SWQiOiIzNDA3MiIsImZpcnN0TmFtZSI6IkphbWVzIiwibGFzdE5hbWUiOiJLaW0iLCJpZCI6IjM0MDcyIiwicHJvdmlkZXIiOiJnb29nbGUiLCJlbWFpbCI6InBlcmZ0ZXN0MUBtYWlsaWF0b3IuY29tIn0sImV4cCI6MTUxNDY4MjA2MSwiYXBwSWQiOiJhdG9tLndlYiIsImlhdCI6MTUwNDAxNzEwNCwicmVzb3VyY2VzIjpbeyJ1cm4iOiJRQVRFU1RPRCIsImlzQWN0aXZlIjp0cnVlfSx7InVybiI6IjM0MDcyIiwiaXNBY3RpdmUiOnRydWV9LHsidXJuIjoiMzQwNzIiLCJpc0FjdGl2ZSI6dHJ1ZX1dfQ.pWKwWA3Mb3ht97zHyiuyu1ZwPOEfYSqVfZHI2wn1640,34072
eyJhbGciOiJIUzI1NiIsInR5cCI6IkpXVCJ9.eyJpc3MiOiJnYXRld2F5IiwidXNlciI6eyJzdHVkZW50SWQiOiIzNDA3MyIsImZpcnN0TmFtZSI6IkphbWVzIiwibGFzdE5hbWUiOiJLaW0iLCJpZCI6IjM0MDczIiwicHJvdmlkZXIiOiJnb29nbGUiLCJlbWFpbCI6InBlcmZ0ZXN0MUBtYWlsaWF0b3IuY29tIn0sImV4cCI6MTUxNDY4MjA2MSwiYXBwSWQiOiJhdG9tLndlYiIsImlhdCI6MTUwNDAxNzEwNCwicmVzb3VyY2VzIjpbeyJ1cm4iOiJRQVRFU1RPRCIsImlzQWN0aXZlIjp0cnVlfSx7InVybiI6IjM0MDczIiwiaXNBY3RpdmUiOnRydWV9LHsidXJuIjoiMzQwNzMiLCJpc0FjdGl2ZSI6dHJ1ZX1dfQ.WLmOTX6MRDeLYfrXSrKMZOdmXvydm4-Voi4Hv-G3qDA,34073
eyJhbGciOiJIUzI1NiIsInR5cCI6IkpXVCJ9.eyJpc3MiOiJnYXRld2F5IiwidXNlciI6eyJzdHVkZW50SWQiOiIzNDA3NCIsImZpcnN0TmFtZSI6IkphbWVzIiwibGFzdE5hbWUiOiJLaW0iLCJpZCI6IjM0MDc0IiwicHJvdmlkZXIiOiJnb29nbGUiLCJlbWFpbCI6InBlcmZ0ZXN0MUBtYWlsaWF0b3IuY29tIn0sImV4cCI6MTUxNDY4MjA2MSwiYXBwSWQiOiJhdG9tLndlYiIsImlhdCI6MTUwNDAxNzEwNCwicmVzb3VyY2VzIjpbeyJ1cm4iOiJRQVRFU1RPRCIsImlzQWN0aXZlIjp0cnVlfSx7InVybiI6IjM0MDc0IiwiaXNBY3RpdmUiOnRydWV9LHsidXJuIjoiMzQwNzQiLCJpc0FjdGl2ZSI6dHJ1ZX1dfQ.JBM0MaVWmhkvmayrMd24OgOC2u0KxoN951SLKAk_IbM,34074
eyJhbGciOiJIUzI1NiIsInR5cCI6IkpXVCJ9.eyJpc3MiOiJnYXRld2F5IiwidXNlciI6eyJzdHVkZW50SWQiOiIzNDA3NSIsImZpcnN0TmFtZSI6IkphbWVzIiwibGFzdE5hbWUiOiJLaW0iLCJpZCI6IjM0MDc1IiwicHJvdmlkZXIiOiJnb29nbGUiLCJlbWFpbCI6InBlcmZ0ZXN0MUBtYWlsaWF0b3IuY29tIn0sImV4cCI6MTUxNDY4MjA2MSwiYXBwSWQiOiJhdG9tLndlYiIsImlhdCI6MTUwNDAxNzEwNCwicmVzb3VyY2VzIjpbeyJ1cm4iOiJRQVRFU1RPRCIsImlzQWN0aXZlIjp0cnVlfSx7InVybiI6IjM0MDc1IiwiaXNBY3RpdmUiOnRydWV9LHsidXJuIjoiMzQwNzUiLCJpc0FjdGl2ZSI6dHJ1ZX1dfQ.XDGRrBKfznCqQipzaSZ-VO5mXcXaHoK1SsRW8bqazAo,34075
eyJhbGciOiJIUzI1NiIsInR5cCI6IkpXVCJ9.eyJpc3MiOiJnYXRld2F5IiwidXNlciI6eyJzdHVkZW50SWQiOiIzNDA3NiIsImZpcnN0TmFtZSI6IkphbWVzIiwibGFzdE5hbWUiOiJLaW0iLCJpZCI6IjM0MDc2IiwicHJvdmlkZXIiOiJnb29nbGUiLCJlbWFpbCI6InBlcmZ0ZXN0MUBtYWlsaWF0b3IuY29tIn0sImV4cCI6MTUxNDY4MjA2MSwiYXBwSWQiOiJhdG9tLndlYiIsImlhdCI6MTUwNDAxNzEwNCwicmVzb3VyY2VzIjpbeyJ1cm4iOiJRQVRFU1RPRCIsImlzQWN0aXZlIjp0cnVlfSx7InVybiI6IjM0MDc2IiwiaXNBY3RpdmUiOnRydWV9LHsidXJuIjoiMzQwNzYiLCJpc0FjdGl2ZSI6dHJ1ZX1dfQ.5B7ADjZdVH_40cHBdFOL-O4B88sbfXWb-1BddZyrVhU,34076
eyJhbGciOiJIUzI1NiIsInR5cCI6IkpXVCJ9.eyJpc3MiOiJnYXRld2F5IiwidXNlciI6eyJzdHVkZW50SWQiOiIzNDA3NyIsImZpcnN0TmFtZSI6IkphbWVzIiwibGFzdE5hbWUiOiJLaW0iLCJpZCI6IjM0MDc3IiwicHJvdmlkZXIiOiJnb29nbGUiLCJlbWFpbCI6InBlcmZ0ZXN0MUBtYWlsaWF0b3IuY29tIn0sImV4cCI6MTUxNDY4MjA2MSwiYXBwSWQiOiJhdG9tLndlYiIsImlhdCI6MTUwNDAxNzEwNCwicmVzb3VyY2VzIjpbeyJ1cm4iOiJRQVRFU1RPRCIsImlzQWN0aXZlIjp0cnVlfSx7InVybiI6IjM0MDc3IiwiaXNBY3RpdmUiOnRydWV9LHsidXJuIjoiMzQwNzciLCJpc0FjdGl2ZSI6dHJ1ZX1dfQ.7Pq_PbvsYtgrRZN7L5bBCpN9A4GDvjELeagId51KNxs,34077
eyJhbGciOiJIUzI1NiIsInR5cCI6IkpXVCJ9.eyJpc3MiOiJnYXRld2F5IiwidXNlciI6eyJzdHVkZW50SWQiOiIzNDA3OCIsImZpcnN0TmFtZSI6IkphbWVzIiwibGFzdE5hbWUiOiJLaW0iLCJpZCI6IjM0MDc4IiwicHJvdmlkZXIiOiJnb29nbGUiLCJlbWFpbCI6InBlcmZ0ZXN0MUBtYWlsaWF0b3IuY29tIn0sImV4cCI6MTUxNDY4MjA2MSwiYXBwSWQiOiJhdG9tLndlYiIsImlhdCI6MTUwNDAxNzEwNCwicmVzb3VyY2VzIjpbeyJ1cm4iOiJRQVRFU1RPRCIsImlzQWN0aXZlIjp0cnVlfSx7InVybiI6IjM0MDc4IiwiaXNBY3RpdmUiOnRydWV9LHsidXJuIjoiMzQwNzgiLCJpc0FjdGl2ZSI6dHJ1ZX1dfQ.lAfPJir2rBaaiR-FeFazKqF6lovrBphj0_y0klVWcqk,34078
eyJhbGciOiJIUzI1NiIsInR5cCI6IkpXVCJ9.eyJpc3MiOiJnYXRld2F5IiwidXNlciI6eyJzdHVkZW50SWQiOiIzNDA3OSIsImZpcnN0TmFtZSI6IkphbWVzIiwibGFzdE5hbWUiOiJLaW0iLCJpZCI6IjM0MDc5IiwicHJvdmlkZXIiOiJnb29nbGUiLCJlbWFpbCI6InBlcmZ0ZXN0MUBtYWlsaWF0b3IuY29tIn0sImV4cCI6MTUxNDY4MjA2MSwiYXBwSWQiOiJhdG9tLndlYiIsImlhdCI6MTUwNDAxNzEwNCwicmVzb3VyY2VzIjpbeyJ1cm4iOiJRQVRFU1RPRCIsImlzQWN0aXZlIjp0cnVlfSx7InVybiI6IjM0MDc5IiwiaXNBY3RpdmUiOnRydWV9LHsidXJuIjoiMzQwNzkiLCJpc0FjdGl2ZSI6dHJ1ZX1dfQ.d6KNv0WZMT0uKDqzmGW91G8R5HX0z5VcAIdmt7PO2Qg,34079
eyJhbGciOiJIUzI1NiIsInR5cCI6IkpXVCJ9.eyJpc3MiOiJnYXRld2F5IiwidXNlciI6eyJzdHVkZW50SWQiOiIzNDA4MCIsImZpcnN0TmFtZSI6IkphbWVzIiwibGFzdE5hbWUiOiJLaW0iLCJpZCI6IjM0MDgwIiwicHJvdmlkZXIiOiJnb29nbGUiLCJlbWFpbCI6InBlcmZ0ZXN0MUBtYWlsaWF0b3IuY29tIn0sImV4cCI6MTUxNDY4MjA2MSwiYXBwSWQiOiJhdG9tLndlYiIsImlhdCI6MTUwNDAxNzEwNCwicmVzb3VyY2VzIjpbeyJ1cm4iOiJRQVRFU1RPRCIsImlzQWN0aXZlIjp0cnVlfSx7InVybiI6IjM0MDgwIiwiaXNBY3RpdmUiOnRydWV9LHsidXJuIjoiMzQwODAiLCJpc0FjdGl2ZSI6dHJ1ZX1dfQ.5QsW2FLf2L2Fi_h_41SKEZ2rjJBuCJ9-gyo-uL5_xX8,34080
eyJhbGciOiJIUzI1NiIsInR5cCI6IkpXVCJ9.eyJpc3MiOiJnYXRld2F5IiwidXNlciI6eyJzdHVkZW50SWQiOiIzNDA4MSIsImZpcnN0TmFtZSI6IkphbWVzIiwibGFzdE5hbWUiOiJLaW0iLCJpZCI6IjM0MDgxIiwicHJvdmlkZXIiOiJnb29nbGUiLCJlbWFpbCI6InBlcmZ0ZXN0MUBtYWlsaWF0b3IuY29tIn0sImV4cCI6MTUxNDY4MjA2MSwiYXBwSWQiOiJhdG9tLndlYiIsImlhdCI6MTUwNDAxNzEwNCwicmVzb3VyY2VzIjpbeyJ1cm4iOiJRQVRFU1RPRCIsImlzQWN0aXZlIjp0cnVlfSx7InVybiI6IjM0MDgxIiwiaXNBY3RpdmUiOnRydWV9LHsidXJuIjoiMzQwODEiLCJpc0FjdGl2ZSI6dHJ1ZX1dfQ.c5sYZYbHEAyWa5_ZSfHpZvf5qRtUDjiYP8IA-yH3kU8,34081
eyJhbGciOiJIUzI1NiIsInR5cCI6IkpXVCJ9.eyJpc3MiOiJnYXRld2F5IiwidXNlciI6eyJzdHVkZW50SWQiOiIzNDA4MiIsImZpcnN0TmFtZSI6IkphbWVzIiwibGFzdE5hbWUiOiJLaW0iLCJpZCI6IjM0MDgyIiwicHJvdmlkZXIiOiJnb29nbGUiLCJlbWFpbCI6InBlcmZ0ZXN0MUBtYWlsaWF0b3IuY29tIn0sImV4cCI6MTUxNDY4MjA2MSwiYXBwSWQiOiJhdG9tLndlYiIsImlhdCI6MTUwNDAxNzEwNCwicmVzb3VyY2VzIjpbeyJ1cm4iOiJRQVRFU1RPRCIsImlzQWN0aXZlIjp0cnVlfSx7InVybiI6IjM0MDgyIiwiaXNBY3RpdmUiOnRydWV9LHsidXJuIjoiMzQwODIiLCJpc0FjdGl2ZSI6dHJ1ZX1dfQ.kuyJtQcceYWH9OVbZu3Lpf7xWREBPwXz5BomFCntXuo,34082
eyJhbGciOiJIUzI1NiIsInR5cCI6IkpXVCJ9.eyJpc3MiOiJnYXRld2F5IiwidXNlciI6eyJzdHVkZW50SWQiOiIzNDA4MyIsImZpcnN0TmFtZSI6IkphbWVzIiwibGFzdE5hbWUiOiJLaW0iLCJpZCI6IjM0MDgzIiwicHJvdmlkZXIiOiJnb29nbGUiLCJlbWFpbCI6InBlcmZ0ZXN0MUBtYWlsaWF0b3IuY29tIn0sImV4cCI6MTUxNDY4MjA2MSwiYXBwSWQiOiJhdG9tLndlYiIsImlhdCI6MTUwNDAxNzEwNCwicmVzb3VyY2VzIjpbeyJ1cm4iOiJRQVRFU1RPRCIsImlzQWN0aXZlIjp0cnVlfSx7InVybiI6IjM0MDgzIiwiaXNBY3RpdmUiOnRydWV9LHsidXJuIjoiMzQwODMiLCJpc0FjdGl2ZSI6dHJ1ZX1dfQ.jQBdVgtZe4iTvBhcTHJjiL6lVeMjKerhfJNyRZpqKWs,34083
eyJhbGciOiJIUzI1NiIsInR5cCI6IkpXVCJ9.eyJpc3MiOiJnYXRld2F5IiwidXNlciI6eyJzdHVkZW50SWQiOiIzNDA4NCIsImZpcnN0TmFtZSI6IkphbWVzIiwibGFzdE5hbWUiOiJLaW0iLCJpZCI6IjM0MDg0IiwicHJvdmlkZXIiOiJnb29nbGUiLCJlbWFpbCI6InBlcmZ0ZXN0MUBtYWlsaWF0b3IuY29tIn0sImV4cCI6MTUxNDY4MjA2MSwiYXBwSWQiOiJhdG9tLndlYiIsImlhdCI6MTUwNDAxNzEwNCwicmVzb3VyY2VzIjpbeyJ1cm4iOiJRQVRFU1RPRCIsImlzQWN0aXZlIjp0cnVlfSx7InVybiI6IjM0MDg0IiwiaXNBY3RpdmUiOnRydWV9LHsidXJuIjoiMzQwODQiLCJpc0FjdGl2ZSI6dHJ1ZX1dfQ.x0Iav6KrVkOcwZmVTQHeq2yUMnTkfvD0F56tEJhq8_A,34084
eyJhbGciOiJIUzI1NiIsInR5cCI6IkpXVCJ9.eyJpc3MiOiJnYXRld2F5IiwidXNlciI6eyJzdHVkZW50SWQiOiIzNDA4NSIsImZpcnN0TmFtZSI6IkphbWVzIiwibGFzdE5hbWUiOiJLaW0iLCJpZCI6IjM0MDg1IiwicHJvdmlkZXIiOiJnb29nbGUiLCJlbWFpbCI6InBlcmZ0ZXN0MUBtYWlsaWF0b3IuY29tIn0sImV4cCI6MTUxNDY4MjA2MSwiYXBwSWQiOiJhdG9tLndlYiIsImlhdCI6MTUwNDAxNzEwNCwicmVzb3VyY2VzIjpbeyJ1cm4iOiJRQVRFU1RPRCIsImlzQWN0aXZlIjp0cnVlfSx7InVybiI6IjM0MDg1IiwiaXNBY3RpdmUiOnRydWV9LHsidXJuIjoiMzQwODUiLCJpc0FjdGl2ZSI6dHJ1ZX1dfQ.GUoPooHFGK8HxQqCEzptEhnhfOipCJKyRc87wgubBAs,34085
eyJhbGciOiJIUzI1NiIsInR5cCI6IkpXVCJ9.eyJpc3MiOiJnYXRld2F5IiwidXNlciI6eyJzdHVkZW50SWQiOiIzNDA4NiIsImZpcnN0TmFtZSI6IkphbWVzIiwibGFzdE5hbWUiOiJLaW0iLCJpZCI6IjM0MDg2IiwicHJvdmlkZXIiOiJnb29nbGUiLCJlbWFpbCI6InBlcmZ0ZXN0MUBtYWlsaWF0b3IuY29tIn0sImV4cCI6MTUxNDY4MjA2MSwiYXBwSWQiOiJhdG9tLndlYiIsImlhdCI6MTUwNDAxNzEwNCwicmVzb3VyY2VzIjpbeyJ1cm4iOiJRQVRFU1RPRCIsImlzQWN0aXZlIjp0cnVlfSx7InVybiI6IjM0MDg2IiwiaXNBY3RpdmUiOnRydWV9LHsidXJuIjoiMzQwODYiLCJpc0FjdGl2ZSI6dHJ1ZX1dfQ.KLdmHZXqi-uh1XfWkK6KMcQKd0O07-te58Bz2n5ch-A,34086
eyJhbGciOiJIUzI1NiIsInR5cCI6IkpXVCJ9.eyJpc3MiOiJnYXRld2F5IiwidXNlciI6eyJzdHVkZW50SWQiOiIzNDA4NyIsImZpcnN0TmFtZSI6IkphbWVzIiwibGFzdE5hbWUiOiJLaW0iLCJpZCI6IjM0MDg3IiwicHJvdmlkZXIiOiJnb29nbGUiLCJlbWFpbCI6InBlcmZ0ZXN0MUBtYWlsaWF0b3IuY29tIn0sImV4cCI6MTUxNDY4MjA2MSwiYXBwSWQiOiJhdG9tLndlYiIsImlhdCI6MTUwNDAxNzEwNCwicmVzb3VyY2VzIjpbeyJ1cm4iOiJRQVRFU1RPRCIsImlzQWN0aXZlIjp0cnVlfSx7InVybiI6IjM0MDg3IiwiaXNBY3RpdmUiOnRydWV9LHsidXJuIjoiMzQwODciLCJpc0FjdGl2ZSI6dHJ1ZX1dfQ.mjopRipEpbs3rO-IMKjlSZfr0xtSWUg-ivi2dwpqp9E,34087
eyJhbGciOiJIUzI1NiIsInR5cCI6IkpXVCJ9.eyJpc3MiOiJnYXRld2F5IiwidXNlciI6eyJzdHVkZW50SWQiOiIzNDA4OCIsImZpcnN0TmFtZSI6IkphbWVzIiwibGFzdE5hbWUiOiJLaW0iLCJpZCI6IjM0MDg4IiwicHJvdmlkZXIiOiJnb29nbGUiLCJlbWFpbCI6InBlcmZ0ZXN0MUBtYWlsaWF0b3IuY29tIn0sImV4cCI6MTUxNDY4MjA2MSwiYXBwSWQiOiJhdG9tLndlYiIsImlhdCI6MTUwNDAxNzEwNCwicmVzb3VyY2VzIjpbeyJ1cm4iOiJRQVRFU1RPRCIsImlzQWN0aXZlIjp0cnVlfSx7InVybiI6IjM0MDg4IiwiaXNBY3RpdmUiOnRydWV9LHsidXJuIjoiMzQwODgiLCJpc0FjdGl2ZSI6dHJ1ZX1dfQ.1d_2Tp9YG26FKa0T7JTGCSHsmL7DrcKoM37cYdHMFuE,34088
eyJhbGciOiJIUzI1NiIsInR5cCI6IkpXVCJ9.eyJpc3MiOiJnYXRld2F5IiwidXNlciI6eyJzdHVkZW50SWQiOiIzNDA4OSIsImZpcnN0TmFtZSI6IkphbWVzIiwibGFzdE5hbWUiOiJLaW0iLCJpZCI6IjM0MDg5IiwicHJvdmlkZXIiOiJnb29nbGUiLCJlbWFpbCI6InBlcmZ0ZXN0MUBtYWlsaWF0b3IuY29tIn0sImV4cCI6MTUxNDY4MjA2MSwiYXBwSWQiOiJhdG9tLndlYiIsImlhdCI6MTUwNDAxNzEwNCwicmVzb3VyY2VzIjpbeyJ1cm4iOiJRQVRFU1RPRCIsImlzQWN0aXZlIjp0cnVlfSx7InVybiI6IjM0MDg5IiwiaXNBY3RpdmUiOnRydWV9LHsidXJuIjoiMzQwODkiLCJpc0FjdGl2ZSI6dHJ1ZX1dfQ.swFbS09Lan0T48ik6sneJxJjI-JhOEL8tbZeVisf7Jg,34089
eyJhbGciOiJIUzI1NiIsInR5cCI6IkpXVCJ9.eyJpc3MiOiJnYXRld2F5IiwidXNlciI6eyJzdHVkZW50SWQiOiIzNDA5MCIsImZpcnN0TmFtZSI6IkphbWVzIiwibGFzdE5hbWUiOiJLaW0iLCJpZCI6IjM0MDkwIiwicHJvdmlkZXIiOiJnb29nbGUiLCJlbWFpbCI6InBlcmZ0ZXN0MUBtYWlsaWF0b3IuY29tIn0sImV4cCI6MTUxNDY4MjA2MSwiYXBwSWQiOiJhdG9tLndlYiIsImlhdCI6MTUwNDAxNzEwNCwicmVzb3VyY2VzIjpbeyJ1cm4iOiJRQVRFU1RPRCIsImlzQWN0aXZlIjp0cnVlfSx7InVybiI6IjM0MDkwIiwiaXNBY3RpdmUiOnRydWV9LHsidXJuIjoiMzQwOTAiLCJpc0FjdGl2ZSI6dHJ1ZX1dfQ.n0abxxQYZDNr77wOREu-DBxLnZzrCZDt7Xd4-PK5Gmc,34090
eyJhbGciOiJIUzI1NiIsInR5cCI6IkpXVCJ9.eyJpc3MiOiJnYXRld2F5IiwidXNlciI6eyJzdHVkZW50SWQiOiIzNDA5MSIsImZpcnN0TmFtZSI6IkphbWVzIiwibGFzdE5hbWUiOiJLaW0iLCJpZCI6IjM0MDkxIiwicHJvdmlkZXIiOiJnb29nbGUiLCJlbWFpbCI6InBlcmZ0ZXN0MUBtYWlsaWF0b3IuY29tIn0sImV4cCI6MTUxNDY4MjA2MSwiYXBwSWQiOiJhdG9tLndlYiIsImlhdCI6MTUwNDAxNzEwNCwicmVzb3VyY2VzIjpbeyJ1cm4iOiJRQVRFU1RPRCIsImlzQWN0aXZlIjp0cnVlfSx7InVybiI6IjM0MDkxIiwiaXNBY3RpdmUiOnRydWV9LHsidXJuIjoiMzQwOTEiLCJpc0FjdGl2ZSI6dHJ1ZX1dfQ.uhoc8a0W44-Ran6fU-Mk0k8wTiLYX5XnX7bDrW_KREU,34091
eyJhbGciOiJIUzI1NiIsInR5cCI6IkpXVCJ9.eyJpc3MiOiJnYXRld2F5IiwidXNlciI6eyJzdHVkZW50SWQiOiIzNDA5MiIsImZpcnN0TmFtZSI6IkphbWVzIiwibGFzdE5hbWUiOiJLaW0iLCJpZCI6IjM0MDkyIiwicHJvdmlkZXIiOiJnb29nbGUiLCJlbWFpbCI6InBlcmZ0ZXN0MUBtYWlsaWF0b3IuY29tIn0sImV4cCI6MTUxNDY4MjA2MSwiYXBwSWQiOiJhdG9tLndlYiIsImlhdCI6MTUwNDAxNzEwNCwicmVzb3VyY2VzIjpbeyJ1cm4iOiJRQVRFU1RPRCIsImlzQWN0aXZlIjp0cnVlfSx7InVybiI6IjM0MDkyIiwiaXNBY3RpdmUiOnRydWV9LHsidXJuIjoiMzQwOTIiLCJpc0FjdGl2ZSI6dHJ1ZX1dfQ.12YCw6FzBIB-BuQKNNIKO9Xi_Qj93rLjOLMMktLy-l4,34092
eyJhbGciOiJIUzI1NiIsInR5cCI6IkpXVCJ9.eyJpc3MiOiJnYXRld2F5IiwidXNlciI6eyJzdHVkZW50SWQiOiIzNDA5MyIsImZpcnN0TmFtZSI6IkphbWVzIiwibGFzdE5hbWUiOiJLaW0iLCJpZCI6IjM0MDkzIiwicHJvdmlkZXIiOiJnb29nbGUiLCJlbWFpbCI6InBlcmZ0ZXN0MUBtYWlsaWF0b3IuY29tIn0sImV4cCI6MTUxNDY4MjA2MSwiYXBwSWQiOiJhdG9tLndlYiIsImlhdCI6MTUwNDAxNzEwNCwicmVzb3VyY2VzIjpbeyJ1cm4iOiJRQVRFU1RPRCIsImlzQWN0aXZlIjp0cnVlfSx7InVybiI6IjM0MDkzIiwiaXNBY3RpdmUiOnRydWV9LHsidXJuIjoiMzQwOTMiLCJpc0FjdGl2ZSI6dHJ1ZX1dfQ.nQYE7SEIjpoIhuU6nj2AiJhGhpqvgck8mYcW8c__eRM,34093
eyJhbGciOiJIUzI1NiIsInR5cCI6IkpXVCJ9.eyJpc3MiOiJnYXRld2F5IiwidXNlciI6eyJzdHVkZW50SWQiOiIzNDA5NCIsImZpcnN0TmFtZSI6IkphbWVzIiwibGFzdE5hbWUiOiJLaW0iLCJpZCI6IjM0MDk0IiwicHJvdmlkZXIiOiJnb29nbGUiLCJlbWFpbCI6InBlcmZ0ZXN0MUBtYWlsaWF0b3IuY29tIn0sImV4cCI6MTUxNDY4MjA2MSwiYXBwSWQiOiJhdG9tLndlYiIsImlhdCI6MTUwNDAxNzEwNCwicmVzb3VyY2VzIjpbeyJ1cm4iOiJRQVRFU1RPRCIsImlzQWN0aXZlIjp0cnVlfSx7InVybiI6IjM0MDk0IiwiaXNBY3RpdmUiOnRydWV9LHsidXJuIjoiMzQwOTQiLCJpc0FjdGl2ZSI6dHJ1ZX1dfQ.R5HYa1ooTQ71KRLB_13WShU9VcQEEoKlzGzB2yv5hog,34094
eyJhbGciOiJIUzI1NiIsInR5cCI6IkpXVCJ9.eyJpc3MiOiJnYXRld2F5IiwidXNlciI6eyJzdHVkZW50SWQiOiIzNDA5NSIsImZpcnN0TmFtZSI6IkphbWVzIiwibGFzdE5hbWUiOiJLaW0iLCJpZCI6IjM0MDk1IiwicHJvdmlkZXIiOiJnb29nbGUiLCJlbWFpbCI6InBlcmZ0ZXN0MUBtYWlsaWF0b3IuY29tIn0sImV4cCI6MTUxNDY4MjA2MSwiYXBwSWQiOiJhdG9tLndlYiIsImlhdCI6MTUwNDAxNzEwNCwicmVzb3VyY2VzIjpbeyJ1cm4iOiJRQVRFU1RPRCIsImlzQWN0aXZlIjp0cnVlfSx7InVybiI6IjM0MDk1IiwiaXNBY3RpdmUiOnRydWV9LHsidXJuIjoiMzQwOTUiLCJpc0FjdGl2ZSI6dHJ1ZX1dfQ.ATAw0znkFhgccUJgTKiZW5QaIVlqbCKXnPDE25cUhio,34095
eyJhbGciOiJIUzI1NiIsInR5cCI6IkpXVCJ9.eyJpc3MiOiJnYXRld2F5IiwidXNlciI6eyJzdHVkZW50SWQiOiIzNDA5NiIsImZpcnN0TmFtZSI6IkphbWVzIiwibGFzdE5hbWUiOiJLaW0iLCJpZCI6IjM0MDk2IiwicHJvdmlkZXIiOiJnb29nbGUiLCJlbWFpbCI6InBlcmZ0ZXN0MUBtYWlsaWF0b3IuY29tIn0sImV4cCI6MTUxNDY4MjA2MSwiYXBwSWQiOiJhdG9tLndlYiIsImlhdCI6MTUwNDAxNzEwNCwicmVzb3VyY2VzIjpbeyJ1cm4iOiJRQVRFU1RPRCIsImlzQWN0aXZlIjp0cnVlfSx7InVybiI6IjM0MDk2IiwiaXNBY3RpdmUiOnRydWV9LHsidXJuIjoiMzQwOTYiLCJpc0FjdGl2ZSI6dHJ1ZX1dfQ.dssU5sZ89RJejFOikS-PTAYEg8TgJwUL901NEg073cU,34096
eyJhbGciOiJIUzI1NiIsInR5cCI6IkpXVCJ9.eyJpc3MiOiJnYXRld2F5IiwidXNlciI6eyJzdHVkZW50SWQiOiIzNDA5NyIsImZpcnN0TmFtZSI6IkphbWVzIiwibGFzdE5hbWUiOiJLaW0iLCJpZCI6IjM0MDk3IiwicHJvdmlkZXIiOiJnb29nbGUiLCJlbWFpbCI6InBlcmZ0ZXN0MUBtYWlsaWF0b3IuY29tIn0sImV4cCI6MTUxNDY4MjA2MSwiYXBwSWQiOiJhdG9tLndlYiIsImlhdCI6MTUwNDAxNzEwNCwicmVzb3VyY2VzIjpbeyJ1cm4iOiJRQVRFU1RPRCIsImlzQWN0aXZlIjp0cnVlfSx7InVybiI6IjM0MDk3IiwiaXNBY3RpdmUiOnRydWV9LHsidXJuIjoiMzQwOTciLCJpc0FjdGl2ZSI6dHJ1ZX1dfQ.ZnZhgH9QElQLZVnFgHr23ZrKxCPfX5MH2hhJU_a1WDo,34097
eyJhbGciOiJIUzI1NiIsInR5cCI6IkpXVCJ9.eyJpc3MiOiJnYXRld2F5IiwidXNlciI6eyJzdHVkZW50SWQiOiIzNDA5OCIsImZpcnN0TmFtZSI6IkphbWVzIiwibGFzdE5hbWUiOiJLaW0iLCJpZCI6IjM0MDk4IiwicHJvdmlkZXIiOiJnb29nbGUiLCJlbWFpbCI6InBlcmZ0ZXN0MUBtYWlsaWF0b3IuY29tIn0sImV4cCI6MTUxNDY4MjA2MSwiYXBwSWQiOiJhdG9tLndlYiIsImlhdCI6MTUwNDAxNzEwNCwicmVzb3VyY2VzIjpbeyJ1cm4iOiJRQVRFU1RPRCIsImlzQWN0aXZlIjp0cnVlfSx7InVybiI6IjM0MDk4IiwiaXNBY3RpdmUiOnRydWV9LHsidXJuIjoiMzQwOTgiLCJpc0FjdGl2ZSI6dHJ1ZX1dfQ.54jaWqNT0R3zFvxAfDa8EnHERv891NAZpDVphcjmqcA,34098
eyJhbGciOiJIUzI1NiIsInR5cCI6IkpXVCJ9.eyJpc3MiOiJnYXRld2F5IiwidXNlciI6eyJzdHVkZW50SWQiOiIzNDA5OSIsImZpcnN0TmFtZSI6IkphbWVzIiwibGFzdE5hbWUiOiJLaW0iLCJpZCI6IjM0MDk5IiwicHJvdmlkZXIiOiJnb29nbGUiLCJlbWFpbCI6InBlcmZ0ZXN0MUBtYWlsaWF0b3IuY29tIn0sImV4cCI6MTUxNDY4MjA2MSwiYXBwSWQiOiJhdG9tLndlYiIsImlhdCI6MTUwNDAxNzEwNCwicmVzb3VyY2VzIjpbeyJ1cm4iOiJRQVRFU1RPRCIsImlzQWN0aXZlIjp0cnVlfSx7InVybiI6IjM0MDk5IiwiaXNBY3RpdmUiOnRydWV9LHsidXJuIjoiMzQwOTkiLCJpc0FjdGl2ZSI6dHJ1ZX1dfQ.bKSNOXmhMcD5FkjObE8fOYjUcSFIaJ0TgIPMQtOerXs,34099
